[    0.000000] Linux version 7.0.0-28-generic (buildd@lcy02-amd64-047) (x86_64-linux-gnu-gcc (Ubuntu 15.2.0-16ubuntu1) 15.2.0, GNU ld (GNU Binutils for Ubuntu) 2.46) #28-Ubuntu SMP PREEMPT_DYNAMIC Sun Jun 21 01:01:36 UTC 2026 (Ubuntu 7.0.0-28.28-generic 7.0.12)
[    0.000000] Command line: BOOT_IMAGE=/boot/vmlinuz-7.0.0-28-generic root=UUID=48272243-e438-4ff9-a4ab-1e9c74054728 ro quiet splash pcie_aspm=off pci=realloc=off pcie_ports=native pcie_port_pm=off thunderbolt.clx=0 thunderbolt.host_reset=0 iommu=pt
[    0.000000] KERNEL supported cpus:
[    0.000000]   Intel GenuineIntel
[    0.000000]   AMD AuthenticAMD
[    0.000000]   Hygon HygonGenuine
[    0.000000]   Centaur CentaurHauls
[    0.000000]   zhaoxin   Shanghai  
[    0.000000] x86/tme: not enabled by BIOS
[    0.000000] x86/split lock detection: #AC: crashing the kernel on kernel split_locks and warning on user-space split_locks
[    0.000000] BIOS-provided physical RAM map:
[    0.000000] BIOS-e820: [mem 0x0000000000000000-0x000000000009efff]  System RAM
[    0.000000] BIOS-e820: [mem 0x000000000009f000-0x00000000000fffff]  device reserved
[    0.000000] BIOS-e820: [mem 0x0000000000100000-0x000000005d51cfff]  System RAM
[    0.000000] BIOS-e820: [mem 0x000000005d51d000-0x00000000611bafff]  device reserved
[    0.000000] BIOS-e820: [mem 0x00000000611bb000-0x0000000061294fff]  ACPI data
[    0.000000] BIOS-e820: [mem 0x0000000061295000-0x000000006139afff]  ACPI NVS
[    0.000000] BIOS-e820: [mem 0x000000006139b000-0x0000000063ffefff]  device reserved
[    0.000000] BIOS-e820: [mem 0x0000000063fff000-0x0000000063ffffff]  System RAM
[    0.000000] BIOS-e820: [mem 0x0000000064000000-0x00000000787fffff]  device reserved
[    0.000000] BIOS-e820: [gap 0x0000000078800000-0x00000000bfffffff]
[    0.000000] BIOS-e820: [mem 0x00000000c0000000-0x00000000cfffffff]  device reserved
[    0.000000] BIOS-e820: [gap 0x00000000d0000000-0x00000000fdffffff]
[    0.000000] BIOS-e820: [mem 0x00000000fe000000-0x00000000fe010fff]  device reserved
[    0.000000] BIOS-e820: [gap 0x00000000fe011000-0x00000000febfffff]
[    0.000000] BIOS-e820: [mem 0x00000000fec00000-0x00000000fec00fff]  device reserved
[    0.000000] BIOS-e820: [gap 0x00000000fec01000-0x00000000fecfffff]
[    0.000000] BIOS-e820: [mem 0x00000000fed00000-0x00000000fed00fff]  device reserved
[    0.000000] BIOS-e820: [gap 0x00000000fed01000-0x00000000fed1ffff]
[    0.000000] BIOS-e820: [mem 0x00000000fed20000-0x00000000fed7ffff]  device reserved
[    0.000000] BIOS-e820: [gap 0x00000000fed80000-0x00000000fedfffff]
[    0.000000] BIOS-e820: [mem 0x00000000fee00000-0x00000000fee00fff]  device reserved
[    0.000000] BIOS-e820: [gap 0x00000000fee01000-0x00000000feffffff]
[    0.000000] BIOS-e820: [mem 0x00000000ff000000-0x00000000ffffffff]  device reserved
[    0.000000] BIOS-e820: [mem 0x0000000100000000-0x000000087fffffff]  System RAM
[    0.000000] NX (Execute Disable) protection: active
[    0.000000] APIC: Static calls initialized
[    0.000000] efi: EFI v2.9 by American Megatrends
[    0.000000] efi: ACPI=0x61294000 ACPI 2.0=0x61294014 TPMFinalLog=0x612e6000 SMBIOS=0x62c3d000 SMBIOS 3.0=0x62c3c000 MEMATTR=0x5833a818 ESRT=0x5833c418 MOKvar=0x63c5c000 INITRD=0x55afd318 RNG=0x611e6018 TPMEventLog=0x611da018 
[    0.000000] random: crng init done
[    0.000000] efi: Remove mem80: MMIO range=[0xc0000000-0xcfffffff] (256MB) from e820 map
[    0.000000] e820: remove [mem 0xc0000000-0xcfffffff] device reserved
[    0.000000] efi: Not removing mem81: MMIO range=[0xfe000000-0xfe010fff] (68KB) from e820 map
[    0.000000] efi: Not removing mem82: MMIO range=[0xfec00000-0xfec00fff] (4KB) from e820 map
[    0.000000] efi: Not removing mem83: MMIO range=[0xfed00000-0xfed00fff] (4KB) from e820 map
[    0.000000] efi: Not removing mem85: MMIO range=[0xfee00000-0xfee00fff] (4KB) from e820 map
[    0.000000] efi: Remove mem86: MMIO range=[0xff000000-0xffffffff] (16MB) from e820 map
[    0.000000] e820: remove [mem 0xff000000-0xffffffff] device reserved
[    0.000000] SMBIOS 3.8.0 present.
[    0.000000] DMI: Micro Computer (HK) Tech Limited AI Series/ARBSC, BIOS 1.01 06/19/2025
[    0.000000] DMI: Memory slots populated: 2/2
[    0.000000] secureboot: Secure boot disabled
[    0.000000] tsc: Detected 3700.000 MHz processor
[    0.000000] tsc: Detected 3686.400 MHz TSC
[    0.000007] e820: update [mem 0x00000000-0x00000fff] System RAM ==> device reserved
[    0.000008] e820: remove [mem 0x000a0000-0x000fffff] System RAM
[    0.000012] last_pfn = 0x880000 max_arch_pfn = 0x400000000
[    0.000015] MTRR map: 8 entries (3 fixed + 5 variable; max 23), built from 10 variable MTRRs
[    0.000017] x86/PAT: Configuration [0-7]: WB  WC  UC- UC  WB  WP  UC- WT  
[    0.000431] x2apic: enabled by BIOS, switching to x2apic ops
[    0.000432] last_pfn = 0x64000 max_arch_pfn = 0x400000000
[    0.004552] esrt: Reserving ESRT space from 0x000000005833c418 to 0x000000005833c540.
[    0.004557] e820: update [mem 0x5833c000-0x5833cfff] System RAM ==> device reserved
[    0.004567] Using GB pages for direct mapping
[    0.004620] secureboot: Secure boot disabled
[    0.004620] RAMDISK: [mem 0x39fb5000-0x3f824fff]
[    0.004954] ACPI: Early table checksum verification disabled
[    0.004957] ACPI: RSDP 0x0000000061294014 000024 (v02 ALASKA)
[    0.004960] ACPI: XSDT 0x0000000061293728 00015C (v01 ALASKA A M I    01072009 AMI  01000013)
[    0.004964] ACPI: FACP 0x0000000061281000 000114 (v06 ALASKA A M I    01072009 AMI  01000013)
[    0.004967] ACPI: DSDT 0x0000000061217000 069649 (v02 ALASKA A M I    01072009 INTL 20210930)
[    0.004969] ACPI: FACS 0x0000000061397000 000040
[    0.004971] ACPI: SSDT 0x0000000061292000 000770 (v02 PmRef  Cpu0Ist  00003000 INTL 20210930)
[    0.004972] ACPI: SSDT 0x0000000061291000 0005FB (v02 PmRef  Cpu0Hwp  00003000 INTL 20210930)
[    0.004974] ACPI: SSDT 0x0000000061290000 0001AB (v02 PmRef  Cpu0Psd  00003000 INTL 20210930)
[    0.004975] ACPI: SSDT 0x000000006128F000 000394 (v02 PmRef  Cpu0Cst  00003001 INTL 20210930)
[    0.004977] ACPI: SSDT 0x000000006128D000 001BAF (v02 PmRef  ApIst    00003000 INTL 20210930)
[    0.004978] ACPI: SSDT 0x000000006128B000 001620 (v02 PmRef  ApHwp    00003000 INTL 20210930)
[    0.004980] ACPI: SSDT 0x0000000061289000 001349 (v02 PmRef  ApPsd    00003000 INTL 20210930)
[    0.004981] ACPI: SSDT 0x0000000061288000 000FBB (v02 PmRef  ApCst    00003000 INTL 20210930)
[    0.004983] ACPI: SSDT 0x0000000061284000 003BC8 (v02 CpuRef CpuSsdt  00003000 INTL 20210930)
[    0.004984] ACPI: DTPR 0x0000000061283000 000088 (v01                 00000000      00000000)
[    0.004986] ACPI: SSDT 0x0000000061282000 000087 (v02 INTEL  PDatTabl 00001000 INTL 20210930)
[    0.004987] ACPI: FIDT 0x0000000061216000 00009C (v01 ALASKA A M I    01072009 AMI  00010013)
[    0.004989] ACPI: MSDM 0x0000000061215000 000055 (v03 ALASKA A M I    01072009 AMI  01000013)
[    0.004990] ACPI: SSDT 0x0000000061214000 00038C (v02 PmaxDv Pmax_Dev 00000001 INTL 20210930)
[    0.004992] ACPI: SSDT 0x0000000061211000 00247E (v02 INTEL  IgfxSsdt 00003000 INTL 20210930)
[    0.004993] ACPI: SSDT 0x0000000061207000 009C1C (v02 INTEL  TcssSsdt 00001000 INTL 20210930)
[    0.004995] ACPI: HPET 0x0000000061206000 000038 (v01 ALASKA A M I    01072009 AMI  01000013)
[    0.004996] ACPI: APIC 0x0000000061205000 000358 (v05 ALASKA A M I    01072009 AMI  01000013)
[    0.004997] ACPI: MCFG 0x0000000061204000 00003C (v01 ALASKA A M I    01072009 AMI  01000013)
[    0.004999] ACPI: SSDT 0x0000000061202000 00147F (v02 ALASKA I2Pm_Rvp 00001000 INTL 20210930)
[    0.005000] ACPI: UEFI 0x00000000612CD000 000048 (v01 ALASKA A M I    01072009 AMI  01000013)
[    0.005002] ACPI: NHLT 0x0000000061201000 00002D (v00 ALASKA A M I    01072009 AMI  01000013)
[    0.005003] ACPI: LPIT 0x0000000061200000 0000CC (v01 ALASKA A M I    01072009 AMI  01000013)
[    0.005004] ACPI: SSDT 0x00000000611FE000 000CA6 (v02 ALASKA PtidDevc 00001000 INTL 20210930)
[    0.005006] ACPI: SSDT 0x00000000611F8000 005E42 (v02 ALASKA TbtTypeC 00000000 INTL 20210930)
[    0.005007] ACPI: DBGP 0x00000000611F7000 000034 (v01 ALASKA A M I    01072009 AMI  01000013)
[    0.005009] ACPI: DBG2 0x00000000611F6000 000054 (v00 ALASKA A M I    01072009 AMI  01000013)
[    0.005010] ACPI: SSDT 0x00000000611F4000 00115C (v02 ALASKA UsbCTabl 00001000 INTL 20210930)
[    0.005012] ACPI: DMAR 0x00000000611F3000 000098 (v01 ALASKA A M I    01072009 AMI  01000013)
[    0.005013] ACPI: FPDT 0x00000000611F2000 000044 (v01 ALASKA A M I    01072009 AMI  01000013)
[    0.005015] ACPI: SSDT 0x00000000611F1000 000FF7 (v02 INTEL  xh_mtlpR 00000000 INTL 20210930)
[    0.005017] ACPI: SSDT 0x00000000611EE000 00281A (v02 SocGpe SocGpe   00003000 INTL 20210930)
[    0.005018] ACPI: SSDT 0x00000000611EB000 0028D3 (v02 SocCmn SocCmn   00003000 INTL 20210930)
[    0.005019] ACPI: SDEV 0x00000000611EA000 000024 (v01                 00000000      00000000)
[    0.005021] ACPI: PHAT 0x00000000611E8000 0007F4 (v01 ALASKA A M I    00000005 MSFT 0100000D)
[    0.005022] ACPI: ASF! 0x00000000611E9000 000074 (v32 ALASKA A M I    01072009 AMI  01000013)
[    0.005024] ACPI: TPM2 0x00000000611E7000 00004C (v04 ALASKA A M I    00000001 AMI  00000000)
[    0.005025] ACPI: WSMT 0x00000000611FF000 000028 (v01 ALASKA A M I    01072009 AMI  00010013)
[    0.005026] ACPI: Reserving FACP table memory at [mem 0x61281000-0x61281113]
[    0.005027] ACPI: Reserving DSDT table memory at [mem 0x61217000-0x61280648]
[    0.005028] ACPI: Reserving FACS table memory at [mem 0x61397000-0x6139703f]
[    0.005028] ACPI: Reserving SSDT table memory at [mem 0x61292000-0x6129276f]
[    0.005028] ACPI: Reserving SSDT table memory at [mem 0x61291000-0x612915fa]
[    0.005029] ACPI: Reserving SSDT table memory at [mem 0x61290000-0x612901aa]
[    0.005029] ACPI: Reserving SSDT table memory at [mem 0x6128f000-0x6128f393]
[    0.005030] ACPI: Reserving SSDT table memory at [mem 0x6128d000-0x6128ebae]
[    0.005030] ACPI: Reserving SSDT table memory at [mem 0x6128b000-0x6128c61f]
[    0.005030] ACPI: Reserving SSDT table memory at [mem 0x61289000-0x6128a348]
[    0.005031] ACPI: Reserving SSDT table memory at [mem 0x61288000-0x61288fba]
[    0.005031] ACPI: Reserving SSDT table memory at [mem 0x61284000-0x61287bc7]
[    0.005031] ACPI: Reserving DTPR table memory at [mem 0x61283000-0x61283087]
[    0.005032] ACPI: Reserving SSDT table memory at [mem 0x61282000-0x61282086]
[    0.005032] ACPI: Reserving FIDT table memory at [mem 0x61216000-0x6121609b]
[    0.005032] ACPI: Reserving MSDM table memory at [mem 0x61215000-0x61215054]
[    0.005033] ACPI: Reserving SSDT table memory at [mem 0x61214000-0x6121438b]
[    0.005033] ACPI: Reserving SSDT table memory at [mem 0x61211000-0x6121347d]
[    0.005033] ACPI: Reserving SSDT table memory at [mem 0x61207000-0x61210c1b]
[    0.005034] ACPI: Reserving HPET table memory at [mem 0x61206000-0x61206037]
[    0.005034] ACPI: Reserving APIC table memory at [mem 0x61205000-0x61205357]
[    0.005034] ACPI: Reserving MCFG table memory at [mem 0x61204000-0x6120403b]
[    0.005035] ACPI: Reserving SSDT table memory at [mem 0x61202000-0x6120347e]
[    0.005035] ACPI: Reserving UEFI table memory at [mem 0x612cd000-0x612cd047]
[    0.005035] ACPI: Reserving NHLT table memory at [mem 0x61201000-0x6120102c]
[    0.005035] ACPI: Reserving LPIT table memory at [mem 0x61200000-0x612000cb]
[    0.005036] ACPI: Reserving SSDT table memory at [mem 0x611fe000-0x611feca5]
[    0.005036] ACPI: Reserving SSDT table memory at [mem 0x611f8000-0x611fde41]
[    0.005036] ACPI: Reserving DBGP table memory at [mem 0x611f7000-0x611f7033]
[    0.005037] ACPI: Reserving DBG2 table memory at [mem 0x611f6000-0x611f6053]
[    0.005037] ACPI: Reserving SSDT table memory at [mem 0x611f4000-0x611f515b]
[    0.005037] ACPI: Reserving DMAR table memory at [mem 0x611f3000-0x611f3097]
[    0.005038] ACPI: Reserving FPDT table memory at [mem 0x611f2000-0x611f2043]
[    0.005038] ACPI: Reserving SSDT table memory at [mem 0x611f1000-0x611f1ff6]
[    0.005038] ACPI: Reserving SSDT table memory at [mem 0x611ee000-0x611f0819]
[    0.005039] ACPI: Reserving SSDT table memory at [mem 0x611eb000-0x611ed8d2]
[    0.005039] ACPI: Reserving SDEV table memory at [mem 0x611ea000-0x611ea023]
[    0.005039] ACPI: Reserving PHAT table memory at [mem 0x611e8000-0x611e87f3]
[    0.005040] ACPI: Reserving ASF! table memory at [mem 0x611e9000-0x611e9073]
[    0.005040] ACPI: Reserving TPM2 table memory at [mem 0x611e7000-0x611e704b]
[    0.005040] ACPI: Reserving WSMT table memory at [mem 0x611ff000-0x611ff027]
[    0.005112] APIC: Switched APIC routing to: cluster x2apic
[    0.005272] No NUMA configuration found
[    0.005272] Faking a node at [mem 0x0000000000000000-0x000000087fffffff]
[    0.005277] NODE_DATA(0) allocated [mem 0x87ffd5280-0x87fffffff]
[    0.005724] ACPI: PM-Timer IO Port: 0x1808
[    0.005729] ACPI: X2APIC_NMI (uid[0xffffffff] high level lint[0x1])
[    0.005762] IOAPIC[0]: apic_id 2, version 32, address 0xfec00000, GSI 0-119
[    0.005764] ACPI: INT_SRC_OVR (bus 0 bus_irq 0 global_irq 2 dfl dfl)
[    0.005765] ACPI: INT_SRC_OVR (bus 0 bus_irq 9 global_irq 9 high level)
[    0.005767] ACPI: Using ACPI (MADT) for SMP configuration information
[    0.005768] ACPI: HPET id: 0x8086a201 base: 0xfed00000
[    0.005770] TSC deadline timer available
[    0.005770] CPU topo: Max. logical packages:   1
[    0.005771] CPU topo: Max. logical nodes:      1
[    0.005771] CPU topo: Num. nodes per package:  1
[    0.005772] CPU topo: Max. logical dies:       1
[    0.005773] CPU topo: Max. dies per package:   1
[    0.005774] CPU topo: Max. threads per core:   1
[    0.005774] CPU topo: Num. cores per package:    16
[    0.005775] CPU topo: Num. threads per package:  16
[    0.005775] CPU topo: Allowing 16 present CPUs plus 0 hotplug CPUs
[    0.005783] PM: hibernation: Registered nosave memory: [mem 0x00000000-0x00000fff]
[    0.005784] PM: hibernation: Registered nosave memory: [mem 0x0009f000-0x000fffff]
[    0.005785] PM: hibernation: Registered nosave memory: [mem 0x5833c000-0x5833cfff]
[    0.005786] PM: hibernation: Registered nosave memory: [mem 0x5d51d000-0x63ffefff]
[    0.005787] PM: hibernation: Registered nosave memory: [mem 0x64000000-0xffffffff]
[    0.005787] [gap 0x78800000-0xfdffffff] available for PCI devices
[    0.005788] Booting paravirtualized kernel on bare hardware
[    0.005790] clocksource: refined-jiffies: mask: 0xffffffff max_cycles: 0xffffffff, max_idle_ns: 1910969940391419 ns
[    0.005818] Zone ranges:
[    0.005819]   DMA      [mem 0x0000000000001000-0x0000000000ffffff]
[    0.005820]   DMA32    [mem 0x0000000001000000-0x00000000ffffffff]
[    0.005821]   Normal   [mem 0x0000000100000000-0x000000087fffffff]
[    0.005821]   Device   empty
[    0.005822] Movable zone start for each node
[    0.005823] Early memory node ranges
[    0.005823]   node   0: [mem 0x0000000000001000-0x000000000009efff]
[    0.005824]   node   0: [mem 0x0000000000100000-0x000000005d51cfff]
[    0.005825]   node   0: [mem 0x0000000063fff000-0x0000000063ffffff]
[    0.005825]   node   0: [mem 0x0000000100000000-0x000000087fffffff]
[    0.005827] Initmem setup node 0 [mem 0x0000000000001000-0x000000087fffffff]
[    0.005830] On node 0, zone DMA: 1 pages in unavailable ranges
[    0.005847] On node 0, zone DMA: 97 pages in unavailable ranges
[    0.007586] On node 0, zone DMA32: 27362 pages in unavailable ranges
[    0.041742] On node 0, zone Normal: 16384 pages in unavailable ranges
[    0.041753] setup_percpu: NR_CPUS:8192 nr_cpumask_bits:16 nr_cpu_ids:16 nr_node_ids:1
[    0.042547] percpu: Embedded 85 pages/cpu s225280 r8192 d114688 u524288
[    0.042549] pcpu-alloc: s225280 r8192 d114688 u524288 alloc=1*2097152
[    0.042551] pcpu-alloc: [0] 00 01 02 03 [0] 04 05 06 07 
[    0.042553] pcpu-alloc: [0] 08 09 10 11 [0] 12 13 14 15 
[    0.042563] Kernel command line: BOOT_IMAGE=/boot/vmlinuz-7.0.0-28-generic root=UUID=48272243-e438-4ff9-a4ab-1e9c74054728 ro quiet splash pcie_aspm=off pci=realloc=off pcie_ports=native pcie_port_pm=off thunderbolt.clx=0 thunderbolt.host_reset=0 iommu=pt
[    0.042600] PCIe ASPM is disabled
[    0.042639] Unknown kernel command line parameters "splash", will be passed to user space.
[    0.042646] printk: log buffer data + meta data: 262144 + 1114112 = 1376256 bytes
[    0.044963] Dentry cache hash table entries: 4194304 (order: 13, 33554432 bytes, linear)
[    0.046126] Inode-cache hash table entries: 2097152 (order: 12, 16777216 bytes, linear)
[    0.046245] software IO TLB: area num 16.
[    0.055517] Fallback order for Node 0: 0 
[    0.055519] Built 1 zonelists, mobility grouping on.  Total pages: 8246460
[    0.055520] Policy zone: Normal
[    0.055527] mem auto-init: stack:all(zero), heap alloc:on, heap free:off
[    0.093548] SLUB: HWalign=64, Order=0-3, MinObjects=0, CPUs=16, Nodes=1
[    0.102538] ftrace: allocating 63941 entries in 252 pages
[    0.102540] ftrace: allocated 252 pages with 6 groups
[    0.103015] Dynamic Preempt: lazy
[    0.103076] rcu: Preemptible hierarchical RCU implementation.
[    0.103076] rcu: 	RCU restricting CPUs from NR_CPUS=8192 to nr_cpu_ids=16.
[    0.103078] 	Trampoline variant of Tasks RCU enabled.
[    0.103078] 	Rude variant of Tasks RCU enabled.
[    0.103078] 	Tracing variant of Tasks RCU enabled.
[    0.103079] rcu: RCU calculated value of scheduler-enlistment delay is 100 jiffies.
[    0.103079] rcu: Adjusting geometry for rcu_fanout_leaf=16, nr_cpu_ids=16
[    0.103087] RCU Tasks: Setting shift to 4 and lim to 1 rcu_task_cb_adjust=1 rcu_task_cpu_ids=16.
[    0.103089] RCU Tasks Rude: Setting shift to 4 and lim to 1 rcu_task_cb_adjust=1 rcu_task_cpu_ids=16.
[    0.105565] NR_IRQS: 524544, nr_irqs: 2184, preallocated irqs: 16
[    0.105909] rcu: srcu_init: Setting srcu_struct sizes based on contention.
[    0.106101] Console: colour dummy device 80x25
[    0.106103] printk: legacy console [tty0] enabled
[    0.106142] ACPI: Core revision 20251212
[    0.106396] hpet: HPET dysfunctional in PC10. Force disabled.
[    0.106478] APIC: Switch to symmetric I/O mode setup
[    0.106480] DMAR: Host address width 42
[    0.106481] DMAR: DRHD base: 0x000000fc800000 flags: 0x0
[    0.106491] DMAR: dmar0: reg_base_addr fc800000 ver 7:0 cap c9de008cee690462 ecap 12ca9a00f0ef5e
[    0.106493] DMAR: DRHD base: 0x000000fc801000 flags: 0x1
[    0.106498] DMAR: dmar1: reg_base_addr fc801000 ver 7:0 cap c9de008cee690462 ecap 12ca9a00f0efde
[    0.106500] DMAR: SATC flags: 0x1
[    0.106504] DMAR-IR: IOAPIC id 2 under DRHD base  0xfc801000 IOMMU 1
[    0.106504] DMAR-IR: HPET id 0 under DRHD base 0xfc801000
[    0.106505] DMAR-IR: Queued invalidation will be enabled to support x2apic and Intr-remapping.
[    0.108102] DMAR-IR: Enabled IRQ remapping in x2apic mode
[    0.112008] clocksource: tsc-early: mask: 0xffffffffffffffff max_cycles: 0x6a464ae9873, max_idle_ns: 881590529744 ns
[    0.112014] Calibrating delay loop (skipped), value calculated using timer frequency.. 7372.80 BogoMIPS (lpj=3686400)
[    0.112067] CPU0: Thermal monitoring enabled (TM1)
[    0.112069] x86/cpu: User Mode Instruction Prevention (UMIP) activated
[    0.112237] Last level iTLB entries: 4KB 0, 2MB 0, 4MB 0
[    0.112238] Last level dTLB entries: 4KB 0, 2MB 0, 4MB 0, 1GB 0
[    0.112241] process: using mwait in idle threads
[    0.112243] mitigations: Enabled attack vectors: user_kernel, user_user, guest_host, guest_guest, SMT mitigations: auto
[    0.112246] Speculative Store Bypass: Mitigation: Speculative Store Bypass disabled via prctl
[    0.112246] Spectre V2 : Mitigation: Enhanced / Automatic IBRS
[    0.112247] VMSCAPE: Mitigation: IBPB before exit to userspace
[    0.112248] Spectre V1 : Mitigation: usercopy/swapgs barriers and __user pointer sanitization
[    0.112249] Spectre V2 : mitigation: Enabling conditional Indirect Branch Prediction Barrier
[    0.112257] x86/fpu: Supporting XSAVE feature 0x001: 'x87 floating point registers'
[    0.112259] x86/fpu: Supporting XSAVE feature 0x002: 'SSE registers'
[    0.112259] x86/fpu: Supporting XSAVE feature 0x004: 'AVX registers'
[    0.112260] x86/fpu: Supporting XSAVE feature 0x200: 'Protection Keys User registers'
[    0.112260] x86/fpu: Supporting XSAVE feature 0x800: 'Control-flow User registers'
[    0.112261] x86/fpu: Supporting XSAVE feature 0x1000: 'Control-flow Kernel registers (KVM only)'
[    0.112262] x86/fpu: xstate_offset[2]:  576, xstate_sizes[2]:  256
[    0.112263] x86/fpu: xstate_offset[9]:  832, xstate_sizes[9]:    8
[    0.112263] x86/fpu: xstate_offset[11]:  840, xstate_sizes[11]:   16
[    0.112264] x86/fpu: xstate_offset[12]:  856, xstate_sizes[12]:   24
[    0.112264] x86/fpu: Enabled xstate features 0x1a07, context size is 880 bytes, using 'compacted' format.
[    0.113012] Freeing SMP alternatives memory: 56K
[    0.113012] pid_max: default: 32768 minimum: 301
[    0.113012] landlock: Up and running.
[    0.113012] Yama: becoming mindful.
[    0.113012] AppArmor: AppArmor initialized
[    0.113012] AppArmor: AppArmor secmark mediation reserved: ready to be enabled
[    0.113012] Mount-cache hash table entries: 65536 (order: 7, 524288 bytes, linear)
[    0.113012] Mountpoint-cache hash table entries: 65536 (order: 7, 524288 bytes, linear)
[    0.113012] VFS: Finished mounting rootfs on nullfs
[    0.113012] smpboot: CPU0: Intel(R) Core(TM) Ultra 9 285H (family: 0x6, model: 0xc5, stepping: 0x2)
[    0.113012] Performance Events: XSAVE Architectural LBR, PEBS fmt5+-baseline,  AnyThread deprecated, ArrowLake-H Hybrid events, 32-deep LBR, full-width counters, Intel PMU driver.
[    0.113012] core: cpu_core PMU driver: 
[    0.113012] ... version:                   5
[    0.113012] ... bit width:                 48
[    0.113012] ... generic counters:          10
[    0.113012] ... generic bitmap:            00000000000003ff
[    0.113012] ... fixed-purpose counters:    4
[    0.113012] ... fixed-purpose bitmap:      000000000000000f
[    0.113012] ... value mask:                0000ffffffffffff
[    0.113012] ... max period:                00007fffffffffff
[    0.113012] ... global_ctrl mask:          0001000f000003ff
[    0.113012] signal: max sigframe size: 3632
[    0.113012] Estimated ratio of average max frequency by base frequency (times 1024): 1411
[    0.113470] rcu: Hierarchical SRCU implementation.
[    0.113471] rcu: 	Max phase no-delay instances is 400.
[    0.113496] Timer migration: 2 hierarchy levels; 8 children per group; 2 crossnode level
[    0.114105] NMI watchdog: Enabled. Permanently consumes one hw-PMU counter.
[    0.114198] smp: Bringing up secondary CPUs ...
[    0.114263] smpboot: x86: Booting SMP configuration:
[    0.114263] .... node  #0, CPUs:        #1  #2  #3  #4  #5  #6  #7  #8  #9 #10 #11 #12 #13 #14 #15
[    0.006970] core: The event 0x5d0 is not supported as an auto-counter reload event.
[    0.006970] core: cpu_atom PMU driver: 
[    0.006970] ... version:                   5
[    0.006970] ... bit width:                 48
[    0.006970] ... generic counters:          8
[    0.006970] ... generic bitmap:            00000000000000ff
[    0.006970] ... fixed-purpose counters:    6
[    0.006970] ... fixed-purpose bitmap:      0000000000000077
[    0.006970] ... value mask:                0000ffffffffffff
[    0.006970] ... max period:                00007fffffffffff
[    0.006970] ... global_ctrl mask:          00000077000000ff
[    0.006970] core: cpu_lowpower PMU driver: 
[    0.006970] ... version:                   5
[    0.006970] ... bit width:                 48
[    0.006970] ... generic counters:          8
[    0.006970] ... generic bitmap:            00000000000000ff
[    0.006970] ... fixed-purpose counters:    3
[    0.006970] ... fixed-purpose bitmap:      0000000000000007
[    0.006970] ... value mask:                0000ffffffffffff
[    0.006970] ... max period:                00007fffffffffff
[    0.006970] ... global_ctrl mask:          00000007000000ff
[    0.121123] smp: Brought up 1 node, 16 CPUs
[    0.121123] smpboot: Total of 16 processors activated (117964.80 BogoMIPS)
[    0.122178] Memory: 28969476K/32985840K available (23799K kernel code, 4952K rwdata, 16764K rodata, 5292K init, 5856K bss, 3984552K reserved, 0K cma-reserved)
[    0.123280] devtmpfs: initialized
[    0.123280] x86/mm: Memory block size: 128MB
[    0.124973] ACPI: PM: Registering ACPI NVS region [mem 0x61295000-0x6139afff] (1073152 bytes)
[    0.125046] clocksource: jiffies: mask: 0xffffffff max_cycles: 0xffffffff, max_idle_ns: 1911260446275000 ns
[    0.125046] posixtimers hash table entries: 8192 (order: 5, 131072 bytes, linear)
[    0.125060] futex hash table entries: 4096 (262144 bytes on 1 NUMA nodes, total 256 KiB, linear).
[    0.125363] PM: RTC time: 04:57:07, date: 2026-07-30
[    0.125716] NET: Registered PF_NETLINK/PF_ROUTE protocol family
[    0.126187] DMA: preallocated 4096 KiB GFP_KERNEL pool for atomic allocations
[    0.126509] DMA: preallocated 4096 KiB GFP_KERNEL|GFP_DMA pool for atomic allocations
[    0.126831] DMA: preallocated 4096 KiB GFP_KERNEL|GFP_DMA32 pool for atomic allocations
[    0.126837] audit: initializing netlink subsys (disabled)
[    0.126868] audit: type=2000 audit(1785387427.014:1): state=initialized audit_enabled=0 res=1
[    0.126868] thermal_sys: Registered thermal governor 'fair_share'
[    0.126868] thermal_sys: Registered thermal governor 'bang_bang'
[    0.126868] thermal_sys: Registered thermal governor 'step_wise'
[    0.126868] thermal_sys: Registered thermal governor 'user_space'
[    0.126868] thermal_sys: Registered thermal governor 'power_allocator'
[    0.127015] cpuidle: using governor ladder
[    0.127017] cpuidle: using governor menu
[    0.131707] efi: Freeing EFI boot services memory: 263740K
[    0.131711] acpiphp: ACPI Hot Plug PCI Controller Driver version: 0.5
[    0.131867] PCI: ECAM [mem 0xc0000000-0xcfffffff] (base 0xc0000000) for domain 0000 [bus 00-ff]
[    0.131888] PCI: Using configuration type 1 for base access
[    0.132015] kprobes: kprobe jump-optimization is enabled. All kprobes are optimized if possible.
[    0.133142] HugeTLB: registered 1.00 GiB page size, pre-allocated 0 pages
[    0.133142] HugeTLB: 16380 KiB vmemmap can be freed for a 1.00 GiB page
[    0.133142] HugeTLB: registered 2.00 MiB page size, pre-allocated 0 pages
[    0.133142] HugeTLB: 28 KiB vmemmap can be freed for a 2.00 MiB page
[    0.133537] ACPI: Added _OSI(Module Device)
[    0.133539] ACPI: Added _OSI(Processor Device)
[    0.133540] ACPI: Added _OSI(Processor Aggregator Device)
[    0.207368] ACPI: 21 ACPI AML tables successfully acquired and loaded
[    0.214230] ACPI: \_SB_: platform _OSC: OS support mask [006e7eff]
[    0.215155] ACPI: \_SB_: platform _OSC: OS control mask [006e7efb]
[    0.215817] ACPI: USB4 _OSC: OS supports USB3+ DisplayPort+ PCIe+ XDomain+
[    0.215819] ACPI: USB4 _OSC: OS controls USB3+ DisplayPort+ PCIe+ XDomain+
[    0.219334] ACPI: EC: EC started
[    0.219334] ACPI: EC: interrupt blocked
[    0.219865] ACPI: EC: EC_CMD/EC_SC=0x66, EC_DATA=0x62
[    0.219867] ACPI: \_SB_.PC00.LPCB.H_EC: Boot DSDT EC used to handle transactions
[    0.219868] ACPI: Interpreter enabled
[    0.219918] ACPI: PM: (supports S0 S3 S4 S5)
[    0.219919] ACPI: Using IOAPIC for interrupt routing
[    0.220989] PCI: Using host bridge windows from ACPI; if necessary, use "pci=nocrs" and report a bug
[    0.220990] PCI: Ignoring E820 reservations for host bridge windows
[    0.222558] ACPI: Enabled 9 GPEs in block 00 to 7F
[    0.222576] ACPI: Enabled 8 GPEs in block 80 to DF
[    0.228632] ACPI: \_SB_.PC00.RP08.PXSX.WRST: New power resource
[    0.233037] ACPI: \_SB_.PC00.XHCI.RHUB.HS10.BTRT: New power resource
[    0.233078] ACPI: \_SB_.PC00.XHCI.RHUB.HS10.DBTR: New power resource
[    0.248013] ACPI: \_SB_.PC00.TBT0: New power resource
[    0.248013] ACPI: \_SB_.PC00.TBT1: New power resource
[    0.248013] ACPI: \_SB_.PC00.D3C_: New power resource
[    0.260873] ACPI: \PIN_: New power resource
[    0.261421] ACPI: PCI Root Bridge [PC00] (domain 0000 [bus 00-fe])
[    0.261428] acpi PNP0A08:00: _OSC: OS supports [ExtendedConfig Segments MSI EDR HPX-Type3]
[    0.261430] acpi PNP0A08:00: _OSC: not requesting OS control; OS requires [ExtendedConfig ASPM ClockPM MSI]
[    0.262887] PCI host bridge to bus 0000:00
[    0.262890] pci_bus 0000:00: root bus resource [io  0x0000-0x0cf7 window]
[    0.262892] pci_bus 0000:00: root bus resource [io  0x0d00-0xffff window]
[    0.262893] pci_bus 0000:00: root bus resource [mem 0x000a0000-0x000bffff window]
[    0.262894] pci_bus 0000:00: root bus resource [mem 0x80000000-0xbfffffff window]
[    0.262895] pci_bus 0000:00: root bus resource [mem 0x4000000000-0x3ffbfffffff window]
[    0.262896] pci_bus 0000:00: root bus resource [bus 00-fe]
[    0.262926] pci 0000:00:00.0: [8086:7d06] type 00 class 0x060000 conventional PCI endpoint
[    0.263082] pci 0000:00:02.0: [8086:7d51] type 00 class 0x030000 PCIe Root Complex Integrated Endpoint
[    0.263105] pci 0000:00:02.0: BAR 0 [mem 0x5010000000-0x5010ffffff 64bit pref]
[    0.263107] pci 0000:00:02.0: BAR 2 [mem 0x4000000000-0x400fffffff 64bit pref]
[    0.263124] pci 0000:00:02.0: DMAR: Skip IOMMU disabling for graphics
[    0.263127] pci 0000:00:02.0: Video device with shadowed ROM at [mem 0x000c0000-0x000dffff]
[    0.263157] pci 0000:00:02.0: PME# supported from D0 D3hot
[    0.263181] pci 0000:00:02.0: VF BAR 0 [mem 0x00000000-0x00ffffff 64bit pref]
[    0.263182] pci 0000:00:02.0: VF BAR 0 [mem 0x00000000-0x06ffffff 64bit pref]: contains BAR 0 for 7 VFs
[    0.263394] pci 0000:00:07.0: [8086:7ec4] type 01 class 0x060400 PCIe Root Port
[    0.263412] pci 0000:00:07.0: PCI bridge to [bus 01-2a]
[    0.263417] pci 0000:00:07.0:   bridge window [mem 0x86000000-0x8bffffff]
[    0.263424] pci 0000:00:07.0:   bridge window [mem 0x4810000000-0x500fffffff 64bit pref]
[    0.263475] pci 0000:00:07.0: PME# supported from D0 D3hot D3cold
[    0.263500] pci 0000:00:07.0: PTM enabled (root), 4ns granularity
[    0.264163] pci 0000:00:07.1: [8086:7ec5] type 01 class 0x060400 PCIe Root Port
[    0.264183] pci 0000:00:07.1: PCI bridge to [bus 2b-54]
[    0.264188] pci 0000:00:07.1:   bridge window [mem 0x80000000-0x85ffffff]
[    0.264195] pci 0000:00:07.1:   bridge window [mem 0x4010000000-0x480fffffff 64bit pref]
[    0.264252] pci 0000:00:07.1: PME# supported from D0 D3hot D3cold
[    0.264280] pci 0000:00:07.1: PTM enabled (root), 4ns granularity
[    0.264976] pci 0000:00:0a.0: [8086:7d0d] type 00 class 0x118000 PCIe Root Complex Integrated Endpoint
[    0.264993] pci 0000:00:0a.0: BAR 0 [mem 0x5020240000-0x502027ffff 64bit]
[    0.264999] pci 0000:00:0a.0: enabling Extended Tags
[    0.265061] pci 0000:00:0b.0: [8086:7d1d] type 00 class 0x120000 PCIe Root Complex Integrated Endpoint
[    0.265079] pci 0000:00:0b.0: BAR 0 [mem 0x5018000000-0x501fffffff 64bit]
[    0.265082] pci 0000:00:0b.0: BAR 4 [mem 0x50202ac000-0x50202acfff 64bit]
[    0.265202] pci 0000:00:0d.0: [8086:7ec0] type 00 class 0x0c0330 conventional PCI endpoint
[    0.265231] pci 0000:00:0d.0: BAR 0 [mem 0x5020290000-0x502029ffff 64bit]
[    0.265264] pci 0000:00:0d.0: PME# supported from D3hot D3cold
[    0.265667] pci 0000:00:0d.2: [8086:7ec2] type 00 class 0x0c0340 conventional PCI endpoint
[    0.265694] pci 0000:00:0d.2: BAR 0 [mem 0x5020200000-0x502023ffff 64bit]
[    0.265696] pci 0000:00:0d.2: BAR 2 [mem 0x50202ab000-0x50202abfff 64bit]
[    0.265723] pci 0000:00:0d.2: supports D1 D2
[    0.265724] pci 0000:00:0d.2: PME# supported from D0 D1 D2 D3hot D3cold
[    0.265902] pci 0000:00:14.0: [8086:777d] type 00 class 0x0c0330 conventional PCI endpoint
[    0.265931] pci 0000:00:14.0: BAR 0 [mem 0x5020280000-0x502028ffff 64bit]
[    0.265962] pci 0000:00:14.0: PME# supported from D3hot D3cold
[    0.266387] pci 0000:00:14.2: [8086:777f] type 00 class 0x050000 conventional PCI endpoint
[    0.266424] pci 0000:00:14.2: BAR 0 [mem 0x50202a4000-0x50202a7fff 64bit]
[    0.266427] pci 0000:00:14.2: BAR 2 [mem 0x50202aa000-0x50202aafff 64bit]
[    0.266515] pci 0000:00:16.0: [8086:7770] type 00 class 0x078000 conventional PCI endpoint
[    0.266566] pci 0000:00:16.0: BAR 0 [mem 0x50202a9000-0x50202a9fff 64bit]
[    0.266615] pci 0000:00:16.0: PME# supported from D3hot
[    0.267181] pci 0000:00:16.3: [8086:7773] type 00 class 0x070002 conventional PCI endpoint
[    0.267210] pci 0000:00:16.3: BAR 0 [io  0x3020-0x3027]
[    0.267212] pci 0000:00:16.3: BAR 1 [mem 0x8c500000-0x8c500fff]
[    0.267306] pci 0000:00:1c.0: [8086:7738] type 01 class 0x060400 PCIe Root Port
[    0.267324] pci 0000:00:1c.0: PCI bridge to [bus 55]
[    0.267329] pci 0000:00:1c.0:   bridge window [mem 0x8c400000-0x8c4fffff]
[    0.267392] pci 0000:00:1c.0: PME# supported from D0 D3hot D3cold
[    0.267423] pci 0000:00:1c.0: PTM enabled (root), 4ns granularity
[    0.268129] pci 0000:00:1c.5: [8086:773d] type 01 class 0x060400 PCIe Root Port
[    0.268150] pci 0000:00:1c.5: PCI bridge to [bus 56]
[    0.268157] pci 0000:00:1c.5:   bridge window [mem 0x8c000000-0x8c2fffff]
[    0.268225] pci 0000:00:1c.5: PME# supported from D0 D3hot D3cold
[    0.268261] pci 0000:00:1c.5: PTM enabled (root), 4ns granularity
[    0.269057] pci 0000:00:1c.7: [8086:773f] type 01 class 0x060400 PCIe Root Port
[    0.269078] pci 0000:00:1c.7: PCI bridge to [bus 57]
[    0.269085] pci 0000:00:1c.7:   bridge window [mem 0x8c300000-0x8c3fffff]
[    0.269153] pci 0000:00:1c.7: PME# supported from D0 D3hot D3cold
[    0.269190] pci 0000:00:1c.7: PTM enabled (root), 4ns granularity
[    0.269918] pci 0000:00:1f.0: [8086:7702] type 00 class 0x060100 conventional PCI endpoint
[    0.270309] pci 0000:00:1f.3: [8086:7728] type 00 class 0x040300 conventional PCI endpoint
[    0.270376] pci 0000:00:1f.3: BAR 0 [mem 0x50202a0000-0x50202a3fff 64bit]
[    0.270388] pci 0000:00:1f.3: BAR 4 [mem 0x5020000000-0x50201fffff 64bit]
[    0.270459] pci 0000:00:1f.3: PME# supported from D3hot D3cold
[    0.270538] pci 0000:00:1f.4: [8086:7722] type 00 class 0x0c0500 conventional PCI endpoint
[    0.270576] pci 0000:00:1f.4: BAR 0 [mem 0x50202a8000-0x50202a80ff 64bit]
[    0.270583] pci 0000:00:1f.4: BAR 4 [io  0xefa0-0xefbf]
[    0.270822] pci 0000:00:1f.5: [8086:7723] type 00 class 0x0c8000 conventional PCI endpoint
[    0.270911] pci 0000:00:1f.5: BAR 0 [mem 0xfe010000-0xfe010fff]
[    0.271070] pci 0000:01:00.0: [8086:5786] type 01 class 0x060400 PCIe Switch Upstream Port
[    0.271109] pci 0000:01:00.0: PCI bridge to [bus 00]
[    0.271118] pci 0000:01:00.0:   bridge window [io  0x0000-0x0fff]
[    0.271122] pci 0000:01:00.0:   bridge window [mem 0x00000000-0x000fffff]
[    0.271138] pci 0000:01:00.0:   bridge window [mem 0x00000000-0x000fffff 64bit pref]
[    0.271156] pci 0000:01:00.0: enabling Extended Tags
[    0.271311] pci 0000:01:00.0: supports D1 D2
[    0.271312] pci 0000:01:00.0: PME# supported from D0 D1 D2 D3hot D3cold
[    0.271447] pci 0000:01:00.0: PTM enabled, 4ns granularity
[    0.271616] pci 0000:00:07.0: PCI bridge to [bus 01-2a]
[    0.271625] pci 0000:01:00.0: bridge configuration invalid ([bus 00-00]), reconfiguring
[    0.271783] pci 0000:02:00.0: [8086:5786] type 01 class 0x060400 PCIe Switch Downstream Port
[    0.271822] pci 0000:02:00.0: PCI bridge to [bus 00]
[    0.271831] pci 0000:02:00.0:   bridge window [io  0x0000-0x0fff]
[    0.271835] pci 0000:02:00.0:   bridge window [mem 0x00000000-0x000fffff]
[    0.271851] pci 0000:02:00.0:   bridge window [mem 0x00000000-0x000fffff 64bit pref]
[    0.271871] pci 0000:02:00.0: enabling Extended Tags
[    0.272059] pci 0000:02:00.0: supports D1 D2
[    0.272060] pci 0000:02:00.0: PME# supported from D0 D1 D2 D3hot D3cold
[    0.272477] pci 0000:02:01.0: [8086:5786] type 01 class 0x060400 PCIe Switch Downstream Port
[    0.272515] pci 0000:02:01.0: PCI bridge to [bus 00]
[    0.272524] pci 0000:02:01.0:   bridge window [io  0x0000-0x0fff]
[    0.272528] pci 0000:02:01.0:   bridge window [mem 0x00000000-0x000fffff]
[    0.272544] pci 0000:02:01.0:   bridge window [mem 0x00000000-0x000fffff 64bit pref]
[    0.272564] pci 0000:02:01.0: enabling Extended Tags
[    0.272721] pci 0000:02:01.0: supports D1 D2
[    0.272722] pci 0000:02:01.0: PME# supported from D0 D1 D2 D3hot D3cold
[    0.273056] pci 0000:02:02.0: [8086:5786] type 01 class 0x060400 PCIe Switch Downstream Port
[    0.273095] pci 0000:02:02.0: PCI bridge to [bus 00]
[    0.273104] pci 0000:02:02.0:   bridge window [io  0x0000-0x0fff]
[    0.273108] pci 0000:02:02.0:   bridge window [mem 0x00000000-0x000fffff]
[    0.273123] pci 0000:02:02.0:   bridge window [mem 0x00000000-0x000fffff 64bit pref]
[    0.273144] pci 0000:02:02.0: enabling Extended Tags
[    0.273301] pci 0000:02:02.0: supports D1 D2
[    0.273301] pci 0000:02:02.0: PME# supported from D0 D1 D2 D3hot D3cold
[    0.273634] pci 0000:02:03.0: [8086:5786] type 01 class 0x060400 PCIe Switch Downstream Port
[    0.273673] pci 0000:02:03.0: PCI bridge to [bus 00]
[    0.273682] pci 0000:02:03.0:   bridge window [io  0x0000-0x0fff]
[    0.273686] pci 0000:02:03.0:   bridge window [mem 0x00000000-0x000fffff]
[    0.273701] pci 0000:02:03.0:   bridge window [mem 0x00000000-0x000fffff 64bit pref]
[    0.273722] pci 0000:02:03.0: enabling Extended Tags
[    0.273881] pci 0000:02:03.0: supports D1 D2
[    0.273882] pci 0000:02:03.0: PME# supported from D0 D1 D2 D3hot D3cold
[    0.274195] pci 0000:01:00.0: PCI bridge to [bus 02-2a]
[    0.274214] pci 0000:02:00.0: bridge configuration invalid ([bus 00-00]), reconfiguring
[    0.274225] pci 0000:02:01.0: bridge configuration invalid ([bus 00-00]), reconfiguring
[    0.274236] pci 0000:02:02.0: bridge configuration invalid ([bus 00-00]), reconfiguring
[    0.274246] pci 0000:02:03.0: bridge configuration invalid ([bus 00-00]), reconfiguring
[    0.274413] pci 0000:03:00.0: [10de:2782] type 00 class 0x030000 PCIe Legacy Endpoint
[    0.274487] pci 0000:03:00.0: BAR 0 [mem 0x00000000-0x00ffffff]
[    0.274492] pci 0000:03:00.0: BAR 1 [mem 0x00000000-0x0fffffff 64bit pref]
[    0.274497] pci 0000:03:00.0: BAR 3 [mem 0x00000000-0x01ffffff 64bit pref]
[    0.274500] pci 0000:03:00.0: BAR 5 [io  0x0000-0x007f]
[    0.274503] pci 0000:03:00.0: ROM [mem 0x00000000-0x0007ffff pref]
[    0.274665] pci 0000:03:00.0: PME# supported from D0 D3hot
[    0.274961] pci 0000:03:00.0: 8.000 Gb/s available PCIe bandwidth, limited by 2.5 GT/s PCIe x4 link at 0000:00:07.0 (capable of 252.048 Gb/s with 16.0 GT/s PCIe x16 link)
[    0.275203] pci 0000:03:00.1: [10de:22bc] type 00 class 0x040300 PCIe Endpoint
[    0.275277] pci 0000:03:00.1: BAR 0 [mem 0x00000000-0x00003fff]
[    0.275571] pci 0000:02:00.0: PCI bridge to [bus 03-2a]
[    0.275589] pci_bus 0000:03: busn_res: [bus 03-2a] end is updated to 03
[    0.275660] pci 0000:02:01.0: PCI bridge to [bus 04-2a]
[    0.275677] pci_bus 0000:04: busn_res: [bus 04-2a] end is updated to 10
[    0.275748] pci 0000:02:02.0: PCI bridge to [bus 11-2a]
[    0.275765] pci_bus 0000:11: busn_res: [bus 11-2a] end is updated to 1d
[    0.275837] pci 0000:02:03.0: PCI bridge to [bus 1e-2a]
[    0.275854] pci_bus 0000:1e: busn_res: [bus 1e-2a] end is updated to 2a
[    0.275860] pci_bus 0000:02: busn_res: [bus 02-2a] end is updated to 2a
[    0.275897] pci 0000:00:07.1: PCI bridge to [bus 2b-54]
[    0.276010] pci 0000:55:00.0: [2646:502d] type 00 class 0x010802 PCIe Endpoint
[    0.276041] pci 0000:55:00.0: BAR 0 [mem 0x8c400000-0x8c403fff 64bit]
[    0.276111] pci 0000:55:00.0: PME# supported from D0 D3hot D3cold
[    0.277517] pci 0000:00:1c.0: PCI bridge to [bus 55]
[    0.278047] pci 0000:56:00.0: [8086:125c] type 00 class 0x020000 PCIe Endpoint
[    0.278092] pci 0000:56:00.0: BAR 0 [mem 0x8c100000-0x8c1fffff]
[    0.278097] pci 0000:56:00.0: BAR 3 [mem 0x8c200000-0x8c203fff]
[    0.278101] pci 0000:56:00.0: ROM [mem 0x8c000000-0x8c0fffff pref]
[    0.278184] pci 0000:56:00.0: PME# supported from D0 D3hot D3cold
[    0.282495] pci 0000:00:1c.5: PCI bridge to [bus 56]
[    0.283137] pci 0000:57:00.0: [8086:272b] type 00 class 0x028000 PCIe Endpoint
[    0.283342] pci 0000:57:00.0: BAR 0 [mem 0x8c300000-0x8c303fff 64bit]
[    0.283786] pci 0000:57:00.0: PME# supported from D0 D3hot D3cold
[    0.288572] pci 0000:00:1c.7: PCI bridge to [bus 57]
[    0.292694] ACPI: PCI: Interrupt link LNKA configured for IRQ 0
[    0.292791] ACPI: PCI: Interrupt link LNKB configured for IRQ 1
[    0.292886] ACPI: PCI: Interrupt link LNKC configured for IRQ 0
[    0.292980] ACPI: PCI: Interrupt link LNKD configured for IRQ 0
[    0.293075] ACPI: PCI: Interrupt link LNKE configured for IRQ 0
[    0.293169] ACPI: PCI: Interrupt link LNKF configured for IRQ 0
[    0.293263] ACPI: PCI: Interrupt link LNKG configured for IRQ 0
[    0.293357] ACPI: PCI: Interrupt link LNKH configured for IRQ 0
[    0.294038] ACPI: \_SB_.PEPD: Duplicate LPS0 _DSM functions (mask: 0x1)
[    0.294040] Low-power S0 idle used by default for system suspend
[    0.300597] ACPI: EC: interrupt unblocked
[    0.300598] ACPI: EC: event unblocked
[    0.300618] ACPI: EC: EC_CMD/EC_SC=0x66, EC_DATA=0x62
[    0.300619] ACPI: EC: GPE=0x6e
[    0.300620] ACPI: \_SB_.PC00.LPCB.H_EC: Boot DSDT EC initialization complete
[    0.300621] ACPI: \_SB_.PC00.LPCB.H_EC: EC: Used to handle transactions and events
[    0.301019] iommu: Default domain type: Passthrough (set via kernel command line)
[    0.301113] SCSI subsystem initialized
[    0.301118] libata version 3.00 loaded.
[    0.301118] ACPI: bus type USB registered
[    0.301118] usbcore: registered new interface driver usbfs
[    0.301118] usbcore: registered new interface driver hub
[    0.301118] usbcore: registered new device driver usb
[    0.301118] pps_core: LinuxPPS API ver. 1 registered
[    0.301118] pps_core: Software ver. 5.3.6 - Copyright 2005-2007 Rodolfo Giometti <giometti@linux.it>
[    0.301118] PTP clock support registered
[    0.301118] EDAC MC: Ver: 3.0.0
[    0.302090] efivars: Registered efivars operations
[    0.302259] NetLabel: Initializing
[    0.302260] NetLabel:  domain hash size = 128
[    0.302261] NetLabel:  protocols = UNLABELED CIPSOv4 CALIPSO
[    0.302289] NetLabel:  unlabeled traffic allowed by default
[    0.303045] mctp: management component transport protocol core
[    0.303045] NET: Registered PF_MCTP protocol family
[    0.303045] PCI: Using ACPI for IRQ routing
[    0.313925] PCI: pci_cache_line_size set to 64 bytes
[    0.314619] pci 0000:00:1f.5: BAR 0 [mem 0xfe010000-0xfe010fff]: can't claim; no compatible bridge window
[    0.315202] e820: register RAM buffer resource [mem 0x0009f000-0x0009ffff]
[    0.315204] e820: register RAM buffer resource [mem 0x5833c000-0x5bffffff]
[    0.315205] e820: register RAM buffer resource [mem 0x5d51d000-0x5fffffff]
[    0.316018] pci 0000:00:02.0: vgaarb: setting as boot VGA device
[    0.316019] pci 0000:00:02.0: vgaarb: bridge control possible
[    0.316020] pci 0000:00:02.0: vgaarb: VGA device added: decodes=io+mem,owns=io+mem,locks=none
[    0.316027] pci 0000:03:00.0: vgaarb: bridge control possible
[    0.316028] pci 0000:03:00.0: vgaarb: VGA device added: decodes=io+mem,owns=none,locks=none
[    0.316029] vgaarb: loaded
[    0.316180] Monitor-Mwait will be used to enter C-1 state
[    0.316181] Monitor-Mwait will be used to enter C-2 state
[    0.316181] Monitor-Mwait will be used to enter C-3 state
[    0.320024] clocksource: Switched to clocksource tsc-early
[    0.320183] VFS: Disk quotas dquot_6.6.0
[    0.320196] VFS: Dquot-cache hash table entries: 512 (order 0, 4096 bytes)
[    0.321193] AppArmor: AppArmor Filesystem Enabled
[    0.321211] acpi PNP0C02:00: Skipped [io  0x002e-0x002f]
[    0.321213] acpi PNP0C02:00: Skipped [io  0x004e-0x004f]
[    0.321214] acpi PNP0C02:00: Skipped [io  0x0061]
[    0.321215] acpi PNP0C02:00: Skipped [io  0x0063]
[    0.321215] acpi PNP0C02:00: Skipped [io  0x0065]
[    0.321216] acpi PNP0C02:00: Skipped [io  0x0067]
[    0.321217] acpi PNP0C02:00: Skipped [io  0x0070]
[    0.321217] acpi PNP0C02:00: Skipped [io  0x0080]
[    0.321218] acpi PNP0C02:00: Skipped [io  0x0092]
[    0.321219] acpi PNP0C02:00: Skipped [io  0x00b2-0x00b3]
[    0.321220] acpi PNP0C02:00: Reserved [io  0x0680-0x069f]
[    0.321221] acpi PNP0C02:00: Reserved [io  0x164e-0x164f]
[    0.321385] acpi PNP0C02:03: Reserved [mem 0xfedc0000-0xfedc7fff]
[    0.321386] acpi PNP0C02:03: Could not reserve [mem 0x00000000-0x00000fff]
[    0.321387] acpi PNP0C02:03: Could not reserve [mem 0x00000000-0x00000fff]
[    0.321388] acpi PNP0C02:03: Reserved [mem 0xc0000000-0xcfffffff]
[    0.321389] acpi PNP0C02:03: Could not reserve [mem 0xfed20000-0xfed7ffff]
[    0.321389] acpi PNP0C02:03: Could not reserve [mem 0xfc800000-0xfc81ffff]
[    0.321390] acpi PNP0C02:03: Could not reserve [mem 0xfed45000-0xfed8ffff]
[    0.321391] acpi PNP0C02:03: Could not reserve [mem 0xfee00000-0xfeefffff]
[    0.321504] acpi PNP0C02:04: Could not reserve [mem 0xfe000000-0xfe01ffff]
[    0.321505] acpi PNP0C02:04: Reserved [mem 0xfe04c000-0xfe04ffff]
[    0.321506] acpi PNP0C02:04: Reserved [mem 0xfe050000-0xfe0affff]
[    0.321507] acpi PNP0C02:04: Reserved [mem 0xfe0d0000-0xfe0fffff]
[    0.321508] acpi PNP0C02:04: Reserved [mem 0xfe200000-0xfe7fffff]
[    0.321509] acpi PNP0C02:04: Reserved [mem 0xff000000-0xffffffff]
[    0.321510] acpi PNP0C02:04: Could not reserve [io  0x1800-0x18fe]
[    0.321511] acpi PNP0C02:04: Reserved [mem 0xe0000000-0xe0d0ffff]
[    0.321512] acpi PNP0C02:04: Reserved [mem 0xe0d60000-0xefffffff]
[    0.321647] acpi PNP0C02:05: Reserved [io  0x2000-0x20fe]
[    0.321803] pnp: PnP ACPI init
[    0.323595] pnp: PnP ACPI: found 2 devices
[    0.329722] clocksource: acpi_pm: mask: 0xffffff max_cycles: 0xffffff, max_idle_ns: 2085701024 ns
[    0.329767] NET: Registered PF_INET protocol family
[    0.329968] IP idents hash table entries: 262144 (order: 9, 2097152 bytes, linear)
[    0.340142] tcp_listen_portaddr_hash hash table entries: 16384 (order: 6, 262144 bytes, linear)
[    0.340170] Table-perturb hash table entries: 65536 (order: 6, 262144 bytes, linear)
[    0.340252] TCP established hash table entries: 262144 (order: 9, 2097152 bytes, linear)
[    0.340521] TCP bind hash table entries: 65536 (order: 9, 2097152 bytes, linear)
[    0.340582] TCP: Hash tables configured (established 262144 bind 65536)
[    0.340730] MPTCP token hash table entries: 32768 (order: 8, 786432 bytes, linear)
[    0.340850] UDP hash table entries: 16384 (order: 8, 1048576 bytes, linear)
[    0.340968] UDP-Lite hash table entries: 16384 (order: 8, 1048576 bytes, linear)
[    0.341051] NET: Registered PF_UNIX/PF_LOCAL protocol family
[    0.341057] NET: Registered PF_XDP protocol family
[    0.341069] pci 0000:02:01.0: bridge window [io  0x1000-0x0fff] to [bus 04-10] add_size 1000
[    0.341072] pci 0000:02:01.0: bridge window [mem 0x00100000-0x000fffff 64bit pref] to [bus 04-10] add_size 200000 add_align 100000
[    0.341074] pci 0000:02:01.0: bridge window [mem 0x00100000-0x000fffff] to [bus 04-10] add_size 200000 add_align 100000
[    0.341075] pci 0000:02:02.0: bridge window [io  0x1000-0x0fff] to [bus 11-1d] add_size 1000
[    0.341076] pci 0000:02:02.0: bridge window [mem 0x00100000-0x000fffff 64bit pref] to [bus 11-1d] add_size 200000 add_align 100000
[    0.341077] pci 0000:02:02.0: bridge window [mem 0x00100000-0x000fffff] to [bus 11-1d] add_size 200000 add_align 100000
[    0.341078] pci 0000:02:03.0: bridge window [io  0x1000-0x0fff] to [bus 1e-2a] add_size 1000
[    0.341079] pci 0000:02:03.0: bridge window [mem 0x00100000-0x000fffff 64bit pref] to [bus 1e-2a] add_size 200000 add_align 100000
[    0.341080] pci 0000:02:03.0: bridge window [mem 0x00100000-0x000fffff] to [bus 1e-2a] add_size 200000 add_align 100000
[    0.341082] pci 0000:01:00.0: bridge window [io  0x1000-0x1fff] to [bus 02-2a] add_size 3000
[    0.341084] pci 0000:01:00.0: bridge window [mem 0x10000000-0x21ffffff 64bit pref] to [bus 02-2a] add_size 600000 add_align 10000000
[    0.341085] pci 0000:01:00.0: bridge window [mem 0x01000000-0x020fffff] to [bus 02-2a] add_size 600000 add_align 1000000
[    0.341087] pci 0000:00:07.0: bridge window [io  0x1000-0x1fff] to [bus 01-2a] add_size 3000
[    0.341088] pci 0000:00:07.1: bridge window [io  0x1000-0x0fff] to [bus 2b-54] add_size 1000
[    0.341098] pci 0000:00:02.0: VF BAR 0 [mem 0x5011000000-0x5017ffffff 64bit pref]: assigned
[    0.341102] pci 0000:00:07.0: bridge window [io  0x4000-0x7fff]: assigned
[    0.341103] pci 0000:00:07.1: bridge window [io  0x8000-0x8fff]: assigned
[    0.341104] pci 0000:00:1f.5: BAR 0 [mem 0x8c501000-0x8c501fff]: assigned
[    0.341146] pci 0000:01:00.0: bridge window [mem 0x4810000000-0x48225fffff 64bit pref]: assigned
[    0.341147] pci 0000:01:00.0: bridge window [mem 0x86000000-0x876fffff]: assigned
[    0.341148] pci 0000:01:00.0: bridge window [io  0x4000-0x7fff]: assigned
[    0.341151] pci 0000:02:00.0: bridge window [mem 0x4810000000-0x4821ffffff 64bit pref]: assigned
[    0.341151] pci 0000:02:00.0: bridge window [mem 0x86000000-0x870fffff]: assigned
[    0.341152] pci 0000:02:01.0: bridge window [mem 0x87100000-0x872fffff]: assigned
[    0.341153] pci 0000:02:01.0: bridge window [mem 0x4822000000-0x48221fffff 64bit pref]: assigned
[    0.341154] pci 0000:02:02.0: bridge window [mem 0x87300000-0x874fffff]: assigned
[    0.341154] pci 0000:02:02.0: bridge window [mem 0x4822200000-0x48223fffff 64bit pref]: assigned
[    0.341155] pci 0000:02:03.0: bridge window [mem 0x87500000-0x876fffff]: assigned
[    0.341156] pci 0000:02:03.0: bridge window [mem 0x4822400000-0x48225fffff 64bit pref]: assigned
[    0.341157] pci 0000:02:00.0: bridge window [io  0x4000-0x4fff]: assigned
[    0.341157] pci 0000:02:01.0: bridge window [io  0x5000-0x5fff]: assigned
[    0.341158] pci 0000:02:02.0: bridge window [io  0x6000-0x6fff]: assigned
[    0.341159] pci 0000:02:03.0: bridge window [io  0x7000-0x7fff]: assigned
[    0.341161] pci 0000:03:00.0: BAR 1 [mem 0x4810000000-0x481fffffff 64bit pref]: assigned
[    0.341176] pci 0000:03:00.0: BAR 3 [mem 0x4820000000-0x4821ffffff 64bit pref]: assigned
[    0.341190] pci 0000:03:00.0: BAR 0 [mem 0x86000000-0x86ffffff]: assigned
[    0.341195] pci 0000:03:00.0: ROM [mem 0x87000000-0x8707ffff pref]: assigned
[    0.341196] pci 0000:03:00.1: BAR 0 [mem 0x87080000-0x87083fff]: assigned
[    0.341201] pci 0000:03:00.0: BAR 5 [io  0x4000-0x407f]: assigned
[    0.341206] pci 0000:02:00.0: PCI bridge to [bus 03]
[    0.341208] pci 0000:02:00.0:   bridge window [io  0x4000-0x4fff]
[    0.341214] pci 0000:02:00.0:   bridge window [mem 0x86000000-0x870fffff]
[    0.341218] pci 0000:02:00.0:   bridge window [mem 0x4810000000-0x4821ffffff 64bit pref]
[    0.341225] pci 0000:02:01.0: PCI bridge to [bus 04-10]
[    0.341228] pci 0000:02:01.0:   bridge window [io  0x5000-0x5fff]
[    0.341233] pci 0000:02:01.0:   bridge window [mem 0x87100000-0x872fffff]
[    0.341237] pci 0000:02:01.0:   bridge window [mem 0x4822000000-0x48221fffff 64bit pref]
[    0.341244] pci 0000:02:02.0: PCI bridge to [bus 11-1d]
[    0.341246] pci 0000:02:02.0:   bridge window [io  0x6000-0x6fff]
[    0.341252] pci 0000:02:02.0:   bridge window [mem 0x87300000-0x874fffff]
[    0.341256] pci 0000:02:02.0:   bridge window [mem 0x4822200000-0x48223fffff 64bit pref]
[    0.341263] pci 0000:02:03.0: PCI bridge to [bus 1e-2a]
[    0.341265] pci 0000:02:03.0:   bridge window [io  0x7000-0x7fff]
[    0.341271] pci 0000:02:03.0:   bridge window [mem 0x87500000-0x876fffff]
[    0.341275] pci 0000:02:03.0:   bridge window [mem 0x4822400000-0x48225fffff 64bit pref]
[    0.341282] pci 0000:01:00.0: PCI bridge to [bus 02-2a]
[    0.341284] pci 0000:01:00.0:   bridge window [io  0x4000-0x7fff]
[    0.341289] pci 0000:01:00.0:   bridge window [mem 0x86000000-0x876fffff]
[    0.341293] pci 0000:01:00.0:   bridge window [mem 0x4810000000-0x48225fffff 64bit pref]
[    0.341301] pci 0000:00:07.0: PCI bridge to [bus 01-2a]
[    0.341302] pci 0000:00:07.0:   bridge window [io  0x4000-0x7fff]
[    0.341304] pci 0000:00:07.0:   bridge window [mem 0x86000000-0x8bffffff]
[    0.341306] pci 0000:00:07.0:   bridge window [mem 0x4810000000-0x500fffffff 64bit pref]
[    0.341310] pci 0000:00:07.1: PCI bridge to [bus 2b-54]
[    0.341311] pci 0000:00:07.1:   bridge window [io  0x8000-0x8fff]
[    0.341314] pci 0000:00:07.1:   bridge window [mem 0x80000000-0x85ffffff]
[    0.341316] pci 0000:00:07.1:   bridge window [mem 0x4010000000-0x480fffffff 64bit pref]
[    0.341320] pci 0000:00:1c.0: PCI bridge to [bus 55]
[    0.341325] pci 0000:00:1c.0:   bridge window [mem 0x8c400000-0x8c4fffff]
[    0.341330] pci 0000:00:1c.5: PCI bridge to [bus 56]
[    0.341370] pci 0000:00:1c.5:   bridge window [mem 0x8c000000-0x8c2fffff]
[    0.341378] pci 0000:00:1c.7: PCI bridge to [bus 57]
[    0.341384] pci 0000:00:1c.7:   bridge window [mem 0x8c300000-0x8c3fffff]
[    0.341392] pci_bus 0000:00: resource 4 [io  0x0000-0x0cf7 window]
[    0.341393] pci_bus 0000:00: resource 5 [io  0x0d00-0xffff window]
[    0.341394] pci_bus 0000:00: resource 6 [mem 0x000a0000-0x000bffff window]
[    0.341395] pci_bus 0000:00: resource 7 [mem 0x80000000-0xbfffffff window]
[    0.341396] pci_bus 0000:00: resource 8 [mem 0x4000000000-0x3ffbfffffff window]
[    0.341396] pci_bus 0000:01: resource 0 [io  0x4000-0x7fff]
[    0.341397] pci_bus 0000:01: resource 1 [mem 0x86000000-0x8bffffff]
[    0.341398] pci_bus 0000:01: resource 2 [mem 0x4810000000-0x500fffffff 64bit pref]
[    0.341399] pci_bus 0000:02: resource 0 [io  0x4000-0x7fff]
[    0.341399] pci_bus 0000:02: resource 1 [mem 0x86000000-0x876fffff]
[    0.341400] pci_bus 0000:02: resource 2 [mem 0x4810000000-0x48225fffff 64bit pref]
[    0.341401] pci_bus 0000:03: resource 0 [io  0x4000-0x4fff]
[    0.341401] pci_bus 0000:03: resource 1 [mem 0x86000000-0x870fffff]
[    0.341402] pci_bus 0000:03: resource 2 [mem 0x4810000000-0x4821ffffff 64bit pref]
[    0.341403] pci_bus 0000:04: resource 0 [io  0x5000-0x5fff]
[    0.341403] pci_bus 0000:04: resource 1 [mem 0x87100000-0x872fffff]
[    0.341404] pci_bus 0000:04: resource 2 [mem 0x4822000000-0x48221fffff 64bit pref]
[    0.341405] pci_bus 0000:11: resource 0 [io  0x6000-0x6fff]
[    0.341405] pci_bus 0000:11: resource 1 [mem 0x87300000-0x874fffff]
[    0.341406] pci_bus 0000:11: resource 2 [mem 0x4822200000-0x48223fffff 64bit pref]
[    0.341406] pci_bus 0000:1e: resource 0 [io  0x7000-0x7fff]
[    0.341407] pci_bus 0000:1e: resource 1 [mem 0x87500000-0x876fffff]
[    0.341408] pci_bus 0000:1e: resource 2 [mem 0x4822400000-0x48225fffff 64bit pref]
[    0.341408] pci_bus 0000:2b: resource 0 [io  0x8000-0x8fff]
[    0.341409] pci_bus 0000:2b: resource 1 [mem 0x80000000-0x85ffffff]
[    0.341410] pci_bus 0000:2b: resource 2 [mem 0x4010000000-0x480fffffff 64bit pref]
[    0.341411] pci_bus 0000:55: resource 1 [mem 0x8c400000-0x8c4fffff]
[    0.341411] pci_bus 0000:56: resource 1 [mem 0x8c000000-0x8c2fffff]
[    0.341412] pci_bus 0000:57: resource 1 [mem 0x8c300000-0x8c3fffff]
[    0.341911] pci 0000:03:00.1: extending delay after power-on from D3hot to 20 msec
[    0.341940] pci 0000:03:00.1: D0 power state depends on 0000:03:00.0
[    0.342617] PCI: CLS 64 bytes, default 64
[    0.342691] DMAR: No RMRR found
[    0.342692] DMAR: No ATSR found
[    0.342693] DMAR: dmar0: Using Queued invalidation
[    0.342696] DMAR: dmar1: Using Queued invalidation
[    0.342720] Trying to unpack rootfs image as initramfs...
[    0.343097] pci 0000:00:02.0: Adding to iommu group 0
[    0.343193] pci 0000:00:00.0: Adding to iommu group 1
[    0.343204] pci 0000:00:07.0: Adding to iommu group 2
[    0.343216] pci 0000:00:07.1: Adding to iommu group 3
[    0.343223] pci 0000:00:0a.0: Adding to iommu group 4
[    0.343232] pci 0000:00:0b.0: Adding to iommu group 5
[    0.343244] pci 0000:00:0d.0: Adding to iommu group 6
[    0.343251] pci 0000:00:0d.2: Adding to iommu group 6
[    0.343263] pci 0000:00:14.0: Adding to iommu group 7
[    0.343269] pci 0000:00:14.2: Adding to iommu group 7
[    0.343280] pci 0000:00:16.0: Adding to iommu group 8
[    0.343290] pci 0000:00:16.3: Adding to iommu group 8
[    0.343316] pci 0000:00:1c.0: Adding to iommu group 9
[    0.343364] pci 0000:00:1c.5: Adding to iommu group 10
[    0.343378] pci 0000:00:1c.7: Adding to iommu group 11
[    0.343393] pci 0000:00:1f.0: Adding to iommu group 12
[    0.343400] pci 0000:00:1f.3: Adding to iommu group 12
[    0.343407] pci 0000:00:1f.4: Adding to iommu group 12
[    0.343415] pci 0000:00:1f.5: Adding to iommu group 12
[    0.343424] pci 0000:01:00.0: Adding to iommu group 13
[    0.343436] pci 0000:02:00.0: Adding to iommu group 14
[    0.343448] pci 0000:02:01.0: Adding to iommu group 15
[    0.343458] pci 0000:02:02.0: Adding to iommu group 16
[    0.343470] pci 0000:02:03.0: Adding to iommu group 17
[    0.343484] pci 0000:03:00.0: Adding to iommu group 18
[    0.343494] pci 0000:03:00.1: Adding to iommu group 18
[    0.343504] pci 0000:55:00.0: Adding to iommu group 19
[    0.343551] pci 0000:56:00.0: Adding to iommu group 20
[    0.343596] pci 0000:57:00.0: Adding to iommu group 21
[    0.344124] DMAR: Intel(R) Virtualization Technology for Directed I/O
[    0.344125] PCI-DMA: Using software bounce buffering for IO (SWIOTLB)
[    0.344126] software IO TLB: mapped [mem 0x0000000045afe000-0x0000000049afe000] (64MB)
[    0.346225] clocksource: tsc: mask: 0xffffffffffffffff max_cycles: 0x6a464ae9873, max_idle_ns: 881590529744 ns
[    0.346693] clocksource: Switched to clocksource tsc
[    0.346714] platform rtc_cmos: registered platform RTC device (no PNP device found)
[    0.348789] Initialise system trusted keyrings
[    0.348799] Key type blacklist registered
[    0.349012] workingset: timestamp_bits=36 max_order=23 bucket_order=0
[    0.349281] squashfs: version 4.0 (2009/01/31) Phillip Lougher
[    0.349610] fuse: init (API version 7.45)
[    0.353978] integrity: Platform Keyring initialized
[    0.353983] integrity: Machine keyring initialized
[    0.359934] Key type asymmetric registered
[    0.359936] Asymmetric key parser 'x509' registered
[    0.359955] Block layer SCSI generic (bsg) driver version 0.4 loaded (major 242)
[    0.360399] io scheduler mq-deadline registered
[    0.364200] ledtrig-cpu: registered to indicate activity on CPUs
[    0.364425] pcieport 0000:00:07.0: PME: Signaling with IRQ 122
[    0.364581] pcieport 0000:00:07.0: AER: enabled with IRQ 122
[    0.364600] pcieport 0000:00:07.0: pciehp: Slot #12 AttnBtn- PwrCtrl- MRL- AttnInd- PwrInd- HotPlug+ Surprise+ Interlock- NoCompl+ IbPresDis- LLActRep+
[    0.364874] pcieport 0000:00:07.1: PME: Signaling with IRQ 123
[    0.365039] pcieport 0000:00:07.1: AER: enabled with IRQ 123
[    0.365051] pcieport 0000:00:07.1: pciehp: Slot #13 AttnBtn- PwrCtrl- MRL- AttnInd- PwrInd- HotPlug+ Surprise+ Interlock- NoCompl+ IbPresDis- LLActRep+
[    0.365245] pcieport 0000:00:1c.0: PME: Signaling with IRQ 124
[    0.365362] pcieport 0000:00:1c.0: AER: enabled with IRQ 124
[    0.365680] pcieport 0000:00:1c.5: PME: Signaling with IRQ 125
[    0.365915] pcieport 0000:00:1c.5: AER: enabled with IRQ 125
[    0.366259] pcieport 0000:00:1c.7: PME: Signaling with IRQ 126
[    0.366534] pcieport 0000:00:1c.7: AER: enabled with IRQ 126
[    0.366672] pcieport 0000:01:00.0: enabling device (0000 -> 0003)
[    0.366819] pcieport 0000:02:00.0: enabling device (0000 -> 0003)
[    0.367044] pcieport 0000:02:01.0: enabling device (0000 -> 0003)
[    0.367123] pcieport 0000:02:01.0: pciehp: Slot #1 AttnBtn- PwrCtrl- MRL- AttnInd- PwrInd- HotPlug+ Surprise+ Interlock- NoCompl+ IbPresDis- LLActRep+
[    0.367445] pcieport 0000:02:02.0: enabling device (0000 -> 0003)
[    0.367528] pcieport 0000:02:02.0: pciehp: Slot #2 AttnBtn- PwrCtrl- MRL- AttnInd- PwrInd- HotPlug+ Surprise+ Interlock- NoCompl+ IbPresDis- LLActRep+
[    0.367761] pcieport 0000:02:03.0: enabling device (0000 -> 0003)
[    0.367836] pcieport 0000:02:03.0: pciehp: Slot #3 AttnBtn- PwrCtrl- MRL- AttnInd- PwrInd- HotPlug+ Surprise+ Interlock- NoCompl+ IbPresDis- LLActRep+
[    0.368194] input: Sleep Button as /devices/platform/PNP0C0E:00/input/input0
[    0.368210] ACPI: button: Sleep Button [SLPB]
[    0.368232] input: Power Button as /devices/platform/PNP0C0C:00/input/input1
[    0.368240] ACPI: button: Power Button [PWRB]
[    0.368253] input: Power Button as /devices/platform/LNXPWRBN:00/input/input2
[    0.368299] ACPI: button: Power Button [PWRF]
[    0.377865] Serial: 8250/16550 driver, 32 ports, IRQ sharing enabled
[    0.379444] serial 0000:00:16.3: enabling device (0001 -> 0003)
[    0.400538] 0000:00:16.3: ttyS4 at I/O 0x3020 (irq = 19, base_baud = 115200) is a 16550A
[    0.400796] hpet_acpi_add: no address or irqs in _CRS
[    0.400833] Linux agpgart interface v0.103
[    0.410325] loop: module loaded
[    0.411133] ACPI: bus type drm_connector registered
[    0.411262] tun: Universal TUN/TAP device driver, 1.6
[    0.411285] PPP generic driver version 2.4.2
[    0.411364] xhci_hcd 0000:00:0d.0: xHCI Host Controller
[    0.411369] xhci_hcd 0000:00:0d.0: new USB bus registered, assigned bus number 1
[    0.412440] xhci_hcd 0000:00:0d.0: hcc params 0x20007fc1 hci version 0x120 quirks 0x0000000200009810
[    0.412676] xhci_hcd 0000:00:0d.0: xHCI Host Controller
[    0.412678] xhci_hcd 0000:00:0d.0: new USB bus registered, assigned bus number 2
[    0.412680] xhci_hcd 0000:00:0d.0: Host supports USB 3.2 Enhanced SuperSpeed
[    0.412724] usb usb1: New USB device found, idVendor=1d6b, idProduct=0002, bcdDevice= 7.00
[    0.412726] usb usb1: New USB device strings: Mfr=3, Product=2, SerialNumber=1
[    0.412727] usb usb1: Product: xHCI Host Controller
[    0.412728] usb usb1: Manufacturer: Linux 7.0.0-28-generic xhci-hcd
[    0.412728] usb usb1: SerialNumber: 0000:00:0d.0
[    0.412800] hub 1-0:1.0: USB hub found
[    0.412811] hub 1-0:1.0: 1 port detected
[    0.412968] usb usb2: New USB device found, idVendor=1d6b, idProduct=0003, bcdDevice= 7.00
[    0.412969] usb usb2: New USB device strings: Mfr=3, Product=2, SerialNumber=1
[    0.412970] usb usb2: Product: xHCI Host Controller
[    0.412970] usb usb2: Manufacturer: Linux 7.0.0-28-generic xhci-hcd
[    0.412973] usb usb2: SerialNumber: 0000:00:0d.0
[    0.413014] hub 2-0:1.0: USB hub found
[    0.413019] hub 2-0:1.0: 2 ports detected
[    0.414085] xhci_hcd 0000:00:14.0: xHCI Host Controller
[    0.414088] xhci_hcd 0000:00:14.0: new USB bus registered, assigned bus number 3
[    0.415187] xhci_hcd 0000:00:14.0: hcc params 0x20007fc1 hci version 0x120 quirks 0x0000000200009810
[    0.415456] xhci_hcd 0000:00:14.0: xHCI Host Controller
[    0.415458] xhci_hcd 0000:00:14.0: new USB bus registered, assigned bus number 4
[    0.415459] xhci_hcd 0000:00:14.0: Host supports USB 3.2 Enhanced SuperSpeed
[    0.415482] usb usb3: New USB device found, idVendor=1d6b, idProduct=0002, bcdDevice= 7.00
[    0.415483] usb usb3: New USB device strings: Mfr=3, Product=2, SerialNumber=1
[    0.415484] usb usb3: Product: xHCI Host Controller
[    0.415485] usb usb3: Manufacturer: Linux 7.0.0-28-generic xhci-hcd
[    0.415485] usb usb3: SerialNumber: 0000:00:14.0
[    0.415542] hub 3-0:1.0: USB hub found
[    0.415570] hub 3-0:1.0: 12 ports detected
[    0.417096] usb usb4: New USB device found, idVendor=1d6b, idProduct=0003, bcdDevice= 7.00
[    0.417098] usb usb4: New USB device strings: Mfr=3, Product=2, SerialNumber=1
[    0.417098] usb usb4: Product: xHCI Host Controller
[    0.417099] usb usb4: Manufacturer: Linux 7.0.0-28-generic xhci-hcd
[    0.417100] usb usb4: SerialNumber: 0000:00:14.0
[    0.417139] hub 4-0:1.0: USB hub found
[    0.417162] hub 4-0:1.0: 2 ports detected
[    0.418915] i8042: PNP: PS/2 Controller [PNP0303:PS2K,PNP0f03:PS2M] at 0x60,0x64 irq 1,12
[    0.427108] serio: i8042 KBD port at 0x60,0x64 irq 1
[    0.427141] serio: i8042 AUX port at 0x60,0x64 irq 12
[    0.427281] mousedev: PS/2 mouse device common for all mice
[    0.427721] rtc_cmos rtc_cmos: RTC can wake from S4
[    0.428625] rtc_cmos rtc_cmos: registered as rtc0
[    0.428792] rtc_cmos rtc_cmos: setting system clock to 2026-07-30T04:57:07 UTC (1785387427)
[    0.428861] rtc_cmos rtc_cmos: alarms up to one month, y3k, 114 bytes nvram
[    0.428878] i2c_dev: i2c /dev entries driver
[    0.433143] device-mapper: core: CONFIG_IMA_DISABLE_HTABLE is disabled. Duplicate IMA measurements will not be recorded in the IMA log.
[    0.433203] device-mapper: uevent: version 1.0.3
[    0.433332] device-mapper: ioctl: 4.50.0-ioctl (2025-04-28) initialised: dm-devel@lists.linux.dev
[    0.433341] intel_pstate: Intel P-state driver initializing
[    0.437145] Freeing initrd memory: 90560K
[    0.439828] Hybrid CPU capacity scaling enabled
[    0.439926] processor cpu0: EM: created perf domain
[    0.439990] processor cpu1: EM: created perf domain
[    0.440058] processor cpu2: EM: created perf domain
[    0.440106] processor cpu3: EM: created perf domain
[    0.440161] processor cpu4: EM: created perf domain
[    0.440218] processor cpu5: EM: created perf domain
[    0.440277] processor cpu6: EM: created perf domain
[    0.440323] processor cpu7: EM: created perf domain
[    0.440378] processor cpu8: EM: created perf domain
[    0.440420] processor cpu9: EM: created perf domain
[    0.440472] processor cpu10: EM: created perf domain
[    0.440514] processor cpu11: EM: created perf domain
[    0.440563] processor cpu12: EM: created perf domain
[    0.440607] processor cpu13: EM: created perf domain
[    0.440656] processor cpu14: EM: created perf domain
[    0.440707] processor cpu15: EM: created perf domain
[    0.443502] intel_pstate: HWP enabled
[    0.443912] drop_monitor: Initializing network drop monitor service
[    0.444431] NET: Registered PF_INET6 protocol family
[    0.444919] input: AT Raw Set 2 keyboard as /devices/platform/i8042/serio0/input/input3
[    0.446197] Segment Routing with IPv6
[    0.446209] In-situ OAM (IOAM) with IPv6
[    0.446232] NET: Registered PF_PACKET protocol family
[    0.446278] Key type dns_resolver registered
[    0.448031] ENERGY_PERF_BIAS: Set to 'normal', was 'performance'
[    0.448317] microcode: Current revision: 0x0000011b
[    0.448321] microcode: Updated early from: 0x00000114
[    0.448663] IPI shorthand broadcast: enabled
[    0.451259] sched_clock: Marking stable (445002101, 5970946)->(471723600, -20750553)
[    0.452056] registered taskstats version 1
[    0.453418] Loading compiled-in X.509 certificates
[    0.454273] Loaded X.509 cert 'Build time autogenerated kernel key: 612d4ce9117ab18d75baf7b23385785460a821bb'
[    0.455025] Loaded X.509 cert 'Canonical Ltd. Live Patch Signing 2025 Kmod: d541cef61dc7e793b7eb7e899970a2eef0b5dc8c'
[    0.455670] Loaded X.509 cert 'Canonical Ltd. Live Patch Signing: 14df34d1a87cf37625abec039ef2bf521249b969'
[    0.456394] Loaded X.509 cert 'Canonical Ltd. Kernel Module Signing 2025 Kmod: 4627603d2357a2a3f81006370894c221175893e9'
[    0.457034] Loaded X.509 cert 'Canonical Ltd. Kernel Module Signing: 88f752e560a1e0737e31163a466ad7b70a850c19'
[    0.457036] blacklist: Loading compiled-in revocation X.509 certificates
[    0.457052] Loaded X.509 cert 'Canonical Ltd. Secure Boot Signing: 61482aa2830d0ab2ad5af10b7250da9033ddcef0'
[    0.457065] Loaded X.509 cert 'Canonical Ltd. Secure Boot Signing (2017): 242ade75ac4a15e50d50c84b0d45ff3eae707a03'
[    0.457076] Loaded X.509 cert 'Canonical Ltd. Secure Boot Signing (ESM 2018): 365188c1d374d6b07c3c8f240f8ef722433d6a8b'
[    0.457089] Loaded X.509 cert 'Canonical Ltd. Secure Boot Signing (2019): c0746fd6c5da3ae827864651ad66ae47fe24b3e8'
[    0.457100] Loaded X.509 cert 'Canonical Ltd. Secure Boot Signing (2021 v1): a8d54bbb3825cfb94fa13c9f8a594a195c107b8d'
[    0.457111] Loaded X.509 cert 'Canonical Ltd. Secure Boot Signing (2021 v2): 4cf046892d6fd3c9a5b03f98d845f90851dc6a8c'
[    0.457130] Loaded X.509 cert 'Canonical Ltd. Secure Boot Signing (2021 v3): 100437bb6de6e469b581e61cd66bce3ef4ed53af'
[    0.457145] Loaded X.509 cert 'Canonical Ltd. Secure Boot Signing (Ubuntu Core 2019): c1d57b8f6b743f23ee41f4f7ee292f06eecadfb9'
[    0.461839] Demotion targets for Node 0: null
[    0.462168] Key type .fscrypt registered
[    0.462169] Key type fscrypt-provisioning registered
[    0.462233] Key type big_key registered
[    0.462236] Key type trusted registered
[    0.472718] Key type encrypted registered
[    0.472724] AppArmor: AppArmor sha256 policy hashing enabled
[    0.472732] Loading compiled-in module X.509 certificates
[    0.473346] Loaded X.509 cert 'Build time autogenerated kernel key: 612d4ce9117ab18d75baf7b23385785460a821bb'
[    0.473348] ima: Allocated hash algorithm: sha256
[    0.530759] ima: No architecture policies found
[    0.530788] evm: Initialising EVM extended attributes:
[    0.530790] evm: security.selinux
[    0.530791] evm: security.SMACK64
[    0.530792] evm: security.SMACK64EXEC
[    0.530793] evm: security.SMACK64TRANSMUTE
[    0.530794] evm: security.SMACK64MMAP
[    0.530795] evm: security.apparmor
[    0.530796] evm: security.ima
[    0.530797] evm: security.capability
[    0.530798] evm: HMAC attrs: 0x1
[    0.531621] integrity: Loading X.509 certificate: UEFI:db
[    0.531655] integrity: Loaded X.509 cert 'MINISFORUM OWN CA: 815a459eeaeb7a9e42fabf9897858520'
[    0.531658] integrity: Loading X.509 certificate: UEFI:db
[    0.531686] integrity: Loaded X.509 cert 'Microsoft Corporation: Windows UEFI CA 2023: aefc5fbbbe055d8f8daa585473499417ab5a5272'
[    0.531688] integrity: Loading X.509 certificate: UEFI:db
[    0.531705] integrity: Loaded X.509 cert 'Microsoft Corporation UEFI CA 2011: 13adbf4309bd82709c8cd54f316ed522988a1bd4'
[    0.531707] integrity: Loading X.509 certificate: UEFI:db
[    0.531722] integrity: Loaded X.509 cert 'Microsoft Windows Production PCA 2011: a92902398e16c49778cd90f99e4f9ae17c55af53'
[    0.533654] PM:   Magic number: 2:127:971
[    0.534060] RAS: Correctable Errors collector initialized.
[    0.534255] clk: Disabling unused clocks
[    0.534257] PM: genpd: Disabling unused power domains
[    0.547869] Freeing unused decrypted memory: 2028K
[    0.549263] Freeing unused kernel image (initmem) memory: 5292K
[    0.549288] Write protecting the kernel read-only data: 43008k
[    0.550366] Freeing unused kernel image (text/rodata gap) memory: 776K
[    0.551077] Freeing unused kernel image (rodata/data gap) memory: 1668K
[    0.558569] x86/mm: Checked W+X mappings: passed, no W+X pages found.
[    0.558573] Run /init as init process
[    0.558574]   with arguments:
[    0.558575]     /init
[    0.558576]     splash
[    0.558577]   with environment:
[    0.558577]     HOME=/
[    0.558577]     TERM=linux
[    0.657981] usb 3-1: new high-speed USB device number 2 using xhci_hcd
[    0.688783] Intel(R) 2.5G Ethernet Linux Driver
[    0.688788] Copyright(c) 2018 Intel Corporation.
[    0.689723] ACPI: bus type thunderbolt registered
[    0.690332] igc 0000:56:00.0: PTM enabled, 4ns granularity
[    0.707426] Key type psk registered
[    0.728446] nvme 0000:55:00.0: platform quirk: setting simple suspend
[    0.728547] nvme nvme0: pci function 0000:55:00.0
[    0.735903] igc 0000:56:00.0 (unnamed net_device) (uninitialized): PHC added
[    0.736033] usb 2-1: new SuperSpeed Plus Gen 2x2 USB device number 2 using xhci_hcd
[    0.747257] nvme nvme0: allocated 64 MiB host memory buffer (16 segments).
[    0.748060] usb 2-1: New USB device found, idVendor=8087, idProduct=5787, bcdDevice= 0.00
[    0.748065] usb 2-1: New USB device strings: Mfr=1, Product=2, SerialNumber=0
[    0.748068] usb 2-1: Product: USB3 HUB
[    0.748070] usb 2-1: Manufacturer: Intel Corporation
[    0.748946] hub 2-1:1.0: USB hub found
[    0.748988] hub 2-1:1.0: 4 ports detected
[    0.753043] thunderbolt 0-1: new device found, vendor=0x127 device=0xc
[    0.753046] thunderbolt 0-1: Razer Core X V2
[    0.778175] igc 0000:56:00.0: 4.000 Gb/s available PCIe bandwidth (5.0 GT/s PCIe x1 link)
[    0.778179] igc 0000:56:00.0 eth0: MAC: 38:05:25:37:07:ac
[    0.780346] nvme nvme0: 16/0/0 default/read/poll queues
[    0.783288] usb 3-1: New USB device found, idVendor=1d5c, idProduct=5801, bcdDevice= 1.01
[    0.783291] usb 3-1: New USB device strings: Mfr=1, Product=2, SerialNumber=0
[    0.783292] usb 3-1: Product: USB2.0 Hub
[    0.783293] usb 3-1: Manufacturer: Fresco Logic, Inc.
[    0.784015] hub 3-1:1.0: USB hub found
[    0.784050] hub 3-1:1.0: 6 ports detected
[    0.786314]  nvme0n1: p1 p2
[    0.790459] igc 0000:56:00.0 enp86s0: renamed from eth0
[    0.897029] usb 3-10: new full-speed USB device number 3 using xhci_hcd
[    1.002858] thunderbolt 0-0:1.1: new retimer found, vendor=0x8087 device=0xd9c
[    1.021991] usb 3-10: New USB device found, idVendor=8087, idProduct=0036, bcdDevice= 0.00
[    1.021994] usb 3-10: New USB device strings: Mfr=0, Product=0, SerialNumber=0
[    1.313072] usb 3-1.1: new full-speed USB device number 4 using xhci_hcd
[    1.399923] usb 3-1.1: New USB device found, idVendor=1532, idProduct=125b, bcdDevice= 1.12
[    1.399930] usb 3-1.1: New USB device strings: Mfr=1, Product=2, SerialNumber=3
[    1.399932] usb 3-1.1: Product: DMC Device
[    1.399934] usb 3-1.1: Manufacturer: Razer
[    1.399936] usb 3-1.1: SerialNumber: 1234
[    1.478030] usb 3-1.4: new full-speed USB device number 5 using xhci_hcd
[    1.564251] usb 3-1.4: New USB device found, idVendor=1532, idProduct=0f51, bcdDevice= 1.00
[    1.564257] usb 3-1.4: New USB device strings: Mfr=1, Product=2, SerialNumber=3
[    1.564260] usb 3-1.4: Product: Razer Core X V2 
[    1.564262] usb 3-1.4: Manufacturer: Razer     
[    1.564263] usb 3-1.4: SerialNumber: 898155810000
[    1.576711] hid: raw HID events driver (C) Jiri Kosina
[    1.583647] usbcore: registered new interface driver usbhid
[    1.583649] usbhid: USB HID core driver
[    1.588123] input: Razer      Razer Core X V2  as /devices/pci0000:00/0000:00:14.0/usb3/3-1/3-1.4/3-1.4:1.0/0003:1532:0F51.0001/input/input6
[    1.639196] hid-generic 0003:1532:0F51.0001: input,hidraw0: USB HID v1.11 Keyboard [Razer      Razer Core X V2 ] on usb-0000:00:14.0-1.4/input0
[    1.639345] input: Razer      Razer Core X V2  as /devices/pci0000:00/0000:00:14.0/usb3/3-1/3-1.4/3-1.4:1.1/0003:1532:0F51.0002/input/input7
[    1.639398] hid-generic 0003:1532:0F51.0002: input,hidraw1: USB HID v1.11 Device [Razer      Razer Core X V2 ] on usb-0000:00:14.0-1.4/input1
[    2.503022] raid6: avx2x4   gen() 35799 MB/s
[    2.520029] raid6: avx2x2   gen() 37794 MB/s
[    2.536972] raid6: avx2x1   gen() 30837 MB/s
[    2.536974] raid6: using algorithm avx2x2 gen() 37794 MB/s
[    2.553971] raid6: .... xor() 43275 MB/s, rmw enabled
[    2.553972] raid6: using avx2x2 recovery algorithm
[    2.556547] xor: automatically using best checksumming function   avx       
[    2.620563] Btrfs loaded, zoned=yes, fsverity=yes
[    2.691696] EXT4-fs (nvme0n1p2): orphan cleanup on readonly fs
[    2.691967] EXT4-fs (nvme0n1p2): mounted filesystem 48272243-e438-4ff9-a4ab-1e9c74054728 ro with ordered data mode. Quota mode: none.
[    2.804695] systemd[1]: Inserted module 'autofs4'
[    3.176811] systemd[1]: systemd 259.5-0ubuntu3 running in system mode (+PAM +AUDIT +SELINUX +APPARMOR +IMA +IPE +SMACK +SECCOMP +GCRYPT -GNUTLS +OPENSSL +ACL +BLKID +CURL +ELFUTILS +FIDO2 +IDN2 -IDN +KMOD +LIBCRYPTSETUP +LIBCRYPTSETUP_PLUGINS +LIBFDISK +PCRE2 +PWQUALITY +P11KIT +QRENCODE +TPM2 +BZIP2 +LZ4 +XZ +ZLIB +ZSTD +BPF_FRAMEWORK +BTF -XKBCOMMON -UTMP +SYSVINIT +LIBARCHIVE)
[    3.176817] systemd[1]: Detected architecture x86-64.
[    3.181265] systemd[1]: Hostname set to <puyan-aiseries>.
[    3.219894] systemd[1]: bpf-restrict-fs: BPF LSM hook not enabled in the kernel, BPF LSM not supported.
[    3.418487] systemd[1]: /usr/lib/systemd/system/system-xfs_scrub.slice:15: Support for option CPUAccounting= has been removed and it is ignored
[    3.466049] systemd[1]: /usr/lib/systemd/system/xfs_scrub_all.service:26: Support for option CPUAccounting= has been removed and it is ignored
[    3.607463] systemd[1]: Queued start job for default target graphical.target.
[    3.627680] systemd[1]: Created slice system-cups.slice - CUPS Slice.
[    3.627928] systemd[1]: Created slice system-modprobe.slice - Slice /system/modprobe.
[    3.628126] systemd[1]: Created slice system-systemd\x2dfsck.slice - Slice /system/systemd-fsck.
[    3.628371] systemd[1]: Created slice system-xfs_scrub.slice - xfs_scrub background service slice.
[    3.628505] systemd[1]: Created slice user.slice - User and Session Slice.
[    3.628536] systemd[1]: Started systemd-ask-password-wall.path - Forward Password Requests to Wall Directory Watch.
[    3.628649] systemd[1]: Set up automount proc-sys-fs-binfmt_misc.automount - Arbitrary Executable File Formats File System Automount Point.
[    3.628663] systemd[1]: Expecting device dev-disk-by\x2duuid-EE9C\x2dE9F1.device - /dev/disk/by-uuid/EE9C-E9F1...
[    3.628681] systemd[1]: Reached target imports.target - Image Downloads.
[    3.628688] systemd[1]: Reached target integritysetup.target - Local Integrity Protected Volumes.
[    3.628708] systemd[1]: Reached target remote-fs.target - Remote File Systems.
[    3.628715] systemd[1]: Reached target slices.target - Slice Units.
[    3.628726] systemd[1]: Reached target snapd.mounts-pre.target - Mounting snaps.
[    3.628738] systemd[1]: Reached target time-set.target - System Time Set.
[    3.628764] systemd[1]: Reached target veritysetup.target - Local Verity Protected Volumes.
[    3.628808] systemd[1]: Listening on dm-event.socket - Device-mapper event daemon FIFOs.
[    3.628843] systemd[1]: Listening on lvm2-lvmpolld.socket - LVM2 poll daemon socket.
[    3.628881] systemd[1]: Listening on syslog.socket - Syslog Socket.
[    3.629421] systemd[1]: Listening on systemd-ask-password.socket - Query the User Interactively for a Password.
[    3.635006] systemd[1]: Listening on systemd-coredump.socket - Process Core Dump Socket.
[    3.635409] systemd[1]: Listening on systemd-creds.socket - Credential Encryption/Decryption.
[    3.635917] systemd[1]: Listening on systemd-factory-reset.socket - Factory Reset Management.
[    3.635954] systemd[1]: Listening on systemd-journald-dev-log.socket - Journal Socket (/dev/log).
[    3.635997] systemd[1]: Listening on systemd-journald.socket - Journal Sockets.
[    3.636838] systemd[1]: Listening on systemd-mute-console.socket - Console Output Muting Service Socket.
[    3.636861] systemd[1]: systemd-pcrextend.socket - TPM PCR Measurements skipped, unmet condition check ConditionSecurity=measured-uki
[    3.636869] systemd[1]: systemd-pcrlock.socket - Make TPM PCR Policy skipped, unmet condition check ConditionSecurity=measured-uki
[    3.636896] systemd[1]: Listening on systemd-resolved-monitor.socket - Resolve Monitor Varlink Socket.
[    3.636924] systemd[1]: Listening on systemd-resolved-varlink.socket - Resolve Service Varlink Socket.
[    3.636954] systemd[1]: Listening on systemd-udevd-control.socket - udev Control Socket.
[    3.636978] systemd[1]: Listening on systemd-udevd-kernel.socket - udev Kernel Socket.
[    3.637000] systemd[1]: Listening on systemd-udevd-varlink.socket - udev Varlink Socket.
[    3.637611] systemd[1]: Mounting dev-hugepages.mount - Huge Pages File System...
[    3.637900] systemd[1]: Mounting dev-mqueue.mount - POSIX Message Queue File System...
[    3.638236] systemd[1]: Mounting sys-kernel-debug.mount - Kernel Debug File System...
[    3.638505] systemd[1]: Mounting sys-kernel-tracing.mount - Kernel Trace File System...
[    3.640524] systemd[1]: Starting systemd-journald.service - Journal Service...
[    3.640996] systemd[1]: Starting blk-availability.service - Availability of block devices...
[    3.641639] systemd[1]: Starting keyboard-setup.service - Set the console keyboard layout...
[    3.642196] systemd[1]: Starting kmod-static-nodes.service - Create List of Static Device Nodes...
[    3.642615] systemd[1]: Starting lvm2-monitor.service - Monitoring of LVM2 mirrors, snapshots etc. using dmeventd or progress polling...
[    3.642632] systemd[1]: modprobe@configfs.service - Load Kernel Module configfs skipped, unmet condition check ConditionKernelModuleLoaded=!configfs
[    3.642980] systemd[1]: Mounting sys-kernel-config.mount - Kernel Configuration File System...
[    3.642995] systemd[1]: modprobe@drm.service - Load Kernel Module drm skipped, unmet condition check ConditionKernelModuleLoaded=!drm
[    3.643391] systemd[1]: Starting modprobe@efi_pstore.service - Load Kernel Module efi_pstore...
[    3.643406] systemd[1]: modprobe@fuse.service - Load Kernel Module fuse skipped, unmet condition check ConditionKernelModuleLoaded=!fuse
[    3.643721] systemd[1]: Mounting sys-fs-fuse-connections.mount - FUSE Control File System...
[    3.643821] systemd[1]: systemd-fsck-root.service - File System Check on Root Device skipped, unmet condition check ConditionPathExists=!/run/initramfs/fsck-root
[    3.643841] systemd[1]: systemd-hibernate-clear.service - Clear Stale Hibernate Storage Info skipped, unmet condition check ConditionPathExists=/sys/firmware/efi/efivars/HibernateLocation-8cf2644b-4b0b-428f-9387-6d876050dc67
[    3.649662] systemd[1]: Starting systemd-modules-load.service - Load Kernel Modules...
[    3.649673] systemd[1]: systemd-pcrmachine.service - TPM PCR Machine ID Measurement skipped, unmet condition check ConditionSecurity=measured-uki
[    3.649691] systemd[1]: systemd-pcrproduct.service - TPM NvPCR Product ID Measurement skipped, unmet condition check ConditionSecurity=measured-uki
[    3.650178] systemd[1]: Starting systemd-remount-fs.service - Remount Root and Kernel File Systems...
[    3.650203] systemd[1]: systemd-tpm2-setup-early.service - Early TPM SRK Setup skipped, unmet condition check ConditionSecurity=measured-uki
[    3.650552] systemd[1]: Starting systemd-udev-load-credentials.service - Load udev Rules from Credentials...
[    3.650916] systemd[1]: Starting systemd-udev-trigger.service - Coldplug All udev Devices...
[    3.694260] systemd[1]: Finished kmod-static-nodes.service - Create List of Static Device Nodes.
[    3.698148] systemd[1]: Starting systemd-tmpfiles-setup-dev-early.service - Create Static Device Nodes in /dev gracefully...
[    3.698493] pstore: Using crash dump compression: deflate
[    3.699177] systemd[1]: Finished blk-availability.service - Availability of block devices.
[    3.704805] pstore: Registered efi_pstore as persistent store backend
[    3.705136] systemd[1]: modprobe@efi_pstore.service: Deactivated successfully.
[    3.714010] systemd-journald[387]: Collecting audit messages is disabled.
[    3.715090] systemd[1]: Finished modprobe@efi_pstore.service - Load Kernel Module efi_pstore.
[    3.715856] systemd[1]: Mounted dev-hugepages.mount - Huge Pages File System.
[    3.715925] systemd[1]: Mounted dev-mqueue.mount - POSIX Message Queue File System.
[    3.716005] systemd[1]: Mounted sys-kernel-debug.mount - Kernel Debug File System.
[    3.716060] systemd[1]: Mounted sys-kernel-tracing.mount - Kernel Trace File System.
[    3.716116] systemd[1]: Mounted sys-kernel-config.mount - Kernel Configuration File System.
[    3.716174] systemd[1]: Mounted sys-fs-fuse-connections.mount - FUSE Control File System.
[    3.716369] systemd[1]: Finished systemd-udev-load-credentials.service - Load udev Rules from Credentials.
[    3.717293] lp: driver loaded but no devices found
[    3.717296] ppdev: user-space parallel port driver
[    3.718924] systemd[1]: Finished systemd-modules-load.service - Load Kernel Modules.
[    3.719982] systemd[1]: Starting systemd-sysctl.service - Apply Kernel Variables...
[    3.720532] EXT4-fs (nvme0n1p2): re-mounted 48272243-e438-4ff9-a4ab-1e9c74054728 r/w.
[    3.721292] systemd[1]: Finished systemd-remount-fs.service - Remount Root and Kernel File Systems.
[    3.722216] systemd[1]: Activating swap swapfile.swap - /swapfile...
[    3.731303] systemd[1]: systemd-hwdb-update.service - Rebuild Hardware Database skipped, unmet condition check ConditionNeedsUpdate=/etc
[    3.731374] systemd[1]: systemd-pstore.service - Platform Persistent Storage Archival skipped, unmet condition check ConditionDirectoryNotEmpty=/sys/fs/pstore
[    3.731944] systemd[1]: Starting systemd-random-seed.service - Load/Save OS Random Seed...
[    3.731959] systemd[1]: systemd-tpm2-setup.service - TPM SRK Setup skipped, unmet condition check ConditionSecurity=measured-uki
[    3.731969] systemd[1]: systemd-pcrnvdone.service - TPM PCR NvPCR Initialization Separator skipped, unmet condition check ConditionSecurity=measured-uki
[    3.736603] Adding 524284k swap on /swapfile.  Priority:-1 extents:1 across:524284k SS
[    3.736640] systemd[1]: Activated swap swapfile.swap - /swapfile.
[    3.736684] systemd[1]: Reached target swap.target - Swaps.
[    3.739874] systemd[1]: Finished systemd-random-seed.service - Load/Save OS Random Seed.
[    3.741759] systemd[1]: Finished systemd-sysctl.service - Apply Kernel Variables.
[    3.757116] systemd[1]: Finished keyboard-setup.service - Set the console keyboard layout.
[    3.757573] systemd[1]: Finished systemd-tmpfiles-setup-dev-early.service - Create Static Device Nodes in /dev gracefully.
[    3.757639] systemd[1]: systemd-sysusers.service - Create System Users skipped, no trigger condition checks were met.
[    3.759599] systemd[1]: Starting systemd-resolved.service - Network Name Resolution...
[    3.760122] systemd[1]: Starting systemd-tmpfiles-setup-dev.service - Create Static Device Nodes in /dev...
[    3.760552] systemd[1]: Started systemd-journald.service - Journal Service.
[    3.775630] systemd-journald[387]: Received client request to flush runtime journal.
[    3.983700] intel_vsec 0000:00:0a.0: enabling device (0000 -> 0002)
[    3.989824] intel_pmc_ssram_telemetry 0000:00:14.2: enabling device (0000 -> 0002)
[    3.990627] input: Intel HID events as /devices/platform/INTC10CB:00/input/input8
[    4.004366] intel-hid INTC10CB:00: failed to enable HID power button
[    4.034893] resource: resource sanity check: requesting [mem 0x00000000fedc0000-0x00000000fedcffff], which spans more than PNP0C02:03 [mem 0xfedc0000-0xfedc7fff]
[    4.034901] caller igen6_register_mcis+0x4e/0x2d0 [igen6_edac] mapping multiple BARs
[    4.037267] intel_vpu 0000:00:0b.0: enabling device (0000 -> 0002)
[    4.040211] EDAC MC0: Giving out device to module igen6_edac controller Intel_client_SoC MC#0: DEV 0000:00:00.0 (INTERRUPT)
[    4.044921] EDAC MC1: Giving out device to module igen6_edac controller Intel_client_SoC MC#1: DEV 0000:00:00.0 (INTERRUPT)
[    4.045551] EDAC igen6: v2.5.1
[    4.068002] intel_vpu 0000:00:0b.0: [drm] Firmware: intel/vpu/vpu_37xx_v1.bin, version: 20260219*MTL_CLIENT_SILICON-NVR+NN-deployment*f693e2c0dc3ce525f34822f263cc12192ff0722f*f693e2c0dc3ce525f34822f263cc12192ff0722f*f693e2c0dc3
[    4.068009] intel_vpu 0000:00:0b.0: [drm] Scheduler mode: HW
[    4.085300] Bluetooth: Core ver 2.22
[    4.085319] NET: Registered PF_BLUETOOTH protocol family
[    4.085320] Bluetooth: HCI device and connection manager initialized
[    4.085324] Bluetooth: HCI socket layer initialized
[    4.085326] Bluetooth: L2CAP socket layer initialized
[    4.085329] Bluetooth: SCO socket layer initialized
[    4.105995] i801_smbus 0000:00:1f.4: SPD Write Disable is set
[    4.106022] i801_smbus 0000:00:1f.4: SMBus using PCI interrupt
[    4.109583] intel_pmc_core INT33A1:00:  initialized
[    4.109663] cfg80211: Loading compiled-in X.509 certificates for regulatory database
[    4.109864] Loaded X.509 cert 'sforshee: 00b28ddf47aef9cea7'
[    4.109958] Loaded X.509 cert 'wens: 61c038651aabdcf94bd0ac7ff06c7248db18c600'
[    4.138665] RAPL PMU: API unit is 2^-32 Joules, 4 fixed counters, 655360 ms ovfl timer
[    4.138672] RAPL PMU: hw unit of domain pp0-core 2^-14 Joules
[    4.138673] RAPL PMU: hw unit of domain package 2^-14 Joules
[    4.138674] RAPL PMU: hw unit of domain pp1-gpu 2^-14 Joules
[    4.138674] RAPL PMU: hw unit of domain psys 2^-14 Joules
[    4.141375] iwlwifi 0000:57:00.0: enabling device (0000 -> 0002)
[    4.145218] usbcore: registered new interface driver btusb
[    4.145891] Bluetooth: hci0: Device revision is 0
[    4.145893] Bluetooth: hci0: Secure boot is enabled
[    4.145894] Bluetooth: hci0: OTP lock is disabled
[    4.145895] Bluetooth: hci0: API lock is enabled
[    4.145895] Bluetooth: hci0: Debug lock is disabled
[    4.145896] Bluetooth: hci0: Minimum firmware build 1 week 10 2014
[    4.145897] Bluetooth: hci0: Bootloader timestamp 2022.18 buildtype 1 build 16362
[    4.145901] Bluetooth: hci0: DSM reset method type: 0x01
[    4.169873] Bluetooth: hci0: Found device firmware: intel/ibt-0291-0291.sfi
[    4.169912] Bluetooth: hci0: Boot Address: 0x100800
[    4.169914] Bluetooth: hci0: Firmware Version: 125-8.26
[    4.173105] nvidia: loading out-of-tree module taints kernel.
[    4.188503] iwlwifi 0000:57:00.0: Detected crf-id 0x2001910, cnv-id 0x2001910 wfpm id 0x80000000
[    4.188630] iwlwifi 0000:57:00.0: PCI dev 272b/00f4, rev=0x472, rfid=0x112200
[    4.188633] iwlwifi 0000:57:00.0: Detected Intel(R) Wi-Fi 7 BE200 320MHz
[    4.212885] iwlwifi 0000:57:00.0: loaded firmware version 101.6e695a70.0 gl-c0-fm-c0-c101.ucode op_mode iwlmld
[    4.222262] nvidia-nvlink: Nvlink Core is being initialized, major device number 509

[    4.226754] nvidia 0000:03:00.0: enabling device (0000 -> 0003)
[    4.226906] nvidia 0000:03:00.0: vgaarb: VGA decodes changed: olddecodes=io+mem,decodes=none:owns=none
[    4.277042] NVRM: loading NVIDIA UNIX Open Kernel Module for x86_64  595.71.05  Release Build  (dvs-builder@U22-I3-G08-03-1)  Fri Apr 24 06:42:30 UTC 2026
[    4.374221] [drm] Initialized intel_vpu 1.0.0 for 0000:00:0b.0 on minor 0
[    4.423448] nvidia-modeset: Loading NVIDIA UNIX Open Kernel Mode Setting Driver for x86_64  595.71.05  Release Build  (dvs-builder@U22-I3-G08-03-1)  Fri Apr 24 06:28:59 UTC 2026
[    4.425278] i915 0000:00:02.0: [drm] Found meteorlake (device ID 7d51) integrated display version 14.00 stepping D0
[    4.433100] i915 0000:00:02.0: [drm] VT-d active for gfx access
[    4.433103] i915 0000:00:02.0: vgaarb: deactivate vga console
[    4.433124] i915 0000:00:02.0: [drm] Using Transparent Hugepages
[    4.440265] [drm] [nvidia-drm] [GPU ID 0x00000300] Loading driver
[    4.441007] spi-nor spi0.0: supply vcc not found, using dummy regulator
[    4.444722] Creating 1 MTD partitions on "0000:00:1f.5":
[    4.444731] 0x000000000000-0x000002000000 : "BIOS"
[    4.450047] i915 0000:00:02.0: vgaarb: VGA decodes changed: olddecodes=io+mem,decodes=none:owns=io+mem
[    4.475289] i915 0000:00:02.0: [drm] Finished loading DMC firmware i915/mtl_dmc.bin (v2.23)
[    4.489510] i915 0000:00:02.0: [drm] GT0: GuC firmware i915/mtl_guc_70.bin version 70.53.0
[    4.496772] snd_hda_intel 0000:00:1f.3: enabling device (0000 -> 0002)
[    4.498239] snd_hda_intel 0000:03:00.1: enabling device (0000 -> 0002)
[    4.502847] intel_rapl_msr: PL4 support detected.
[    4.502881] intel_rapl_common: Found RAPL domain package
[    4.502883] intel_rapl_common: Found RAPL domain core
[    4.502885] intel_rapl_common: Found RAPL domain uncore
[    4.502886] intel_rapl_common: Found RAPL domain psys
[    4.503002] snd_hda_intel 0000:03:00.1: Disabling MSI
[    4.503012] snd_hda_intel 0000:03:00.1: Handle vga_switcheroo audio client
[    4.505741] i915 0000:00:02.0: [drm] GT0: GUC: submission enabled
[    4.505744] i915 0000:00:02.0: [drm] GT0: GUC: SLPC enabled
[    4.505957] i915 0000:00:02.0: [drm] GT0: GUC: RC enabled
[    4.511114] mei_gsc_proxy 0000:00:16.0-0f73db04-97ab-4125-b893-e904ad0d5464: bound 0000:00:02.0 (ops i915_gsc_proxy_component_ops [i915])
[    4.511517] i915 0000:00:02.0: [drm] GT1: GuC firmware i915/mtl_guc_70.bin version 70.53.0
[    4.511519] i915 0000:00:02.0: [drm] GT1: HuC firmware i915/mtl_huc_gsc.bin version 8.5.4
[    4.534312] input: HDA NVidia HDMI/DP,pcm=3 as /devices/pci0000:00/0000:00:07.0/0000:01:00.0/0000:02:00.0/0000:03:00.1/sound/card0/input9
[    4.534354] input: HDA NVidia HDMI/DP,pcm=7 as /devices/pci0000:00/0000:00:07.0/0000:01:00.0/0000:02:00.0/0000:03:00.1/sound/card0/input10
[    4.534379] input: HDA NVidia HDMI/DP,pcm=8 as /devices/pci0000:00/0000:00:07.0/0000:01:00.0/0000:02:00.0/0000:03:00.1/sound/card0/input11
[    4.534409] input: HDA NVidia HDMI/DP,pcm=9 as /devices/pci0000:00/0000:00:07.0/0000:01:00.0/0000:02:00.0/0000:03:00.1/sound/card0/input12
[    4.556059] i915 0000:00:02.0: [drm] GT1: HuC: authenticated for clear media
[    4.556470] i915 0000:00:02.0: [drm] GT1: GUC: submission enabled
[    4.556473] i915 0000:00:02.0: [drm] GT1: GUC: SLPC enabled
[    4.556548] i915 0000:00:02.0: [drm] GT1: GUC: RC enabled
[    4.559149] i915 0000:00:02.0: [drm] Protected Xe Path (PXP) protected content support initialized
[    4.560588] i915 0000:00:02.0: [drm] Registered 4 planes with drm panic
[    4.560591] [drm] Initialized i915 1.6.0 for 0000:00:02.0 on minor 0
[    4.561447] ACPI: video: Video Device [GFX0] (multi-head: yes  rom: no  post: no)
[    4.561785] input: Video Bus as /devices/pci0000:00/acpi.video_bus.0/input/input13
[    4.570315] i915 0000:00:02.0: [drm] Cannot find any crtc or sizes
[    4.578819] i915 0000:00:02.0: [drm] Cannot find any crtc or sizes
[    4.587197] snd_hda_intel 0000:00:1f.3: bound 0000:00:02.0 (ops intel_audio_component_bind_ops [i915])
[    4.595464] i915 0000:00:02.0: [drm] Cannot find any crtc or sizes
[    4.698800] i915 0000:00:02.0: [drm] GT1: Loaded GSC firmware i915/mtl_gsc_1.bin (cv1.0, r102.1.15.1926, svn 1)
[    4.719466] i915 0000:00:02.0: [drm] GT1: HuC: authenticated for all workloads
[    4.769616] snd_hda_codec_alc269 hdaudioC1D0: autoconfig for ALC245: line_outs=1 (0x14/0x0/0x0/0x0/0x0) type:speaker
[    4.769620] snd_hda_codec_alc269 hdaudioC1D0:    speaker_outs=0 (0x0/0x0/0x0/0x0/0x0)
[    4.769621] snd_hda_codec_alc269 hdaudioC1D0:    hp_outs=1 (0x21/0x0/0x0/0x0/0x0)
[    4.769622] snd_hda_codec_alc269 hdaudioC1D0:    mono: mono_out=0x0
[    4.769622] snd_hda_codec_alc269 hdaudioC1D0:    inputs:
[    4.769623] snd_hda_codec_alc269 hdaudioC1D0:      Internal Mic=0x12
[    4.769624] snd_hda_codec_alc269 hdaudioC1D0:      Mic=0x19
[    4.770109] loop0: detected capacity change from 0 to 8
[    4.771094] loop1: detected capacity change from 0 to 136904
[    4.772049] loop2: detected capacity change from 0 to 136816
[    4.772962] loop3: detected capacity change from 0 to 527544
[    4.773748] loop4: detected capacity change from 0 to 517800
[    4.773868] loop5: detected capacity change from 0 to 1241248
[    4.774862] loop6: detected capacity change from 0 to 1258560
[    4.776867] loop7: detected capacity change from 0 to 187776
[    4.778115] loop8: detected capacity change from 0 to 808920
[    4.779310] loop9: detected capacity change from 0 to 823256
[    4.797443] iwlwifi 0000:57:00.0: Detected RF FM, rfid=0x112200
[    4.822996] input: HDA Intel PCH Headphone as /devices/pci0000:00/0000:00:1f.3/sound/card1/input14
[    4.823042] input: HDA Intel PCH HDMI/DP,pcm=3 as /devices/pci0000:00/0000:00:1f.3/sound/card1/input15
[    4.823104] input: HDA Intel PCH HDMI/DP,pcm=7 as /devices/pci0000:00/0000:00:1f.3/sound/card1/input16
[    4.823140] input: HDA Intel PCH HDMI/DP,pcm=8 as /devices/pci0000:00/0000:00:1f.3/sound/card1/input17
[    4.823180] input: HDA Intel PCH HDMI/DP,pcm=9 as /devices/pci0000:00/0000:00:1f.3/sound/card1/input18
[    4.909262] iwlwifi 0000:57:00.0: base HW address: e0:d5:5d:6e:bd:a1
[    4.917904] audit: type=1400 audit(1785387431.987:2): apparmor="STATUS" operation="profile_load" profile="unconfined" name="1password" pid=741 comm="apparmor_parser"
[    4.917913] audit: type=1400 audit(1785387431.987:3): apparmor="STATUS" operation="profile_load" profile="unconfined" name="buildah" pid=752 comm="apparmor_parser"
[    4.917916] audit: type=1400 audit(1785387431.987:4): apparmor="STATUS" operation="profile_load" profile="unconfined" name="cam" pid=754 comm="apparmor_parser"
[    4.917918] audit: type=1400 audit(1785387431.987:5): apparmor="STATUS" operation="profile_load" profile="unconfined" name="ch-checkns" pid=755 comm="apparmor_parser"
[    4.917920] audit: type=1400 audit(1785387431.987:6): apparmor="STATUS" operation="profile_load" profile="unconfined" name="brave" pid=751 comm="apparmor_parser"
[    4.917921] audit: type=1400 audit(1785387431.987:7): apparmor="STATUS" operation="profile_load" profile="unconfined" name="QtWebEngineProcess" pid=744 comm="apparmor_parser"
[    4.917923] audit: type=1400 audit(1785387431.987:8): apparmor="STATUS" operation="profile_load" profile="unconfined" name="ch-run" pid=756 comm="apparmor_parser"
[    4.917924] audit: type=1400 audit(1785387431.987:9): apparmor="STATUS" operation="profile_load" profile="unconfined" name="bwrap" pid=753 comm="apparmor_parser"
[    4.917927] audit: type=1400 audit(1785387431.987:10): apparmor="STATUS" operation="profile_load" profile="unconfined" name="unpriv_bwrap" pid=753 comm="apparmor_parser"
[    4.989146] iwlwifi 0000:57:00.0 wlp87s0f0: renamed from wlan0
[    5.683701] kauditd_printk_skb: 173 callbacks suppressed
[    5.683704] audit: type=1400 audit(1785387432.753:184): apparmor="STATUS" operation="profile_load" profile="unconfined" name="snap-update-ns.mesa-2404" pid=920 comm="apparmor_parser"
[    5.684166] audit: type=1400 audit(1785387432.754:185): apparmor="STATUS" operation="profile_load" profile="unconfined" name="/snap/snapd/27406/usr/lib/snapd/snap-confine" pid=918 comm="apparmor_parser"
[    5.684257] audit: type=1400 audit(1785387432.754:186): apparmor="STATUS" operation="profile_load" profile="unconfined" name="snap.firefox.hook.post-refresh" pid=926 comm="apparmor_parser"
[    5.684298] audit: type=1400 audit(1785387432.754:187): apparmor="STATUS" operation="profile_load" profile="unconfined" name="snap.firefox.hook.disconnect-plug-host-hunspell" pid=924 comm="apparmor_parser"
[    5.684921] audit: type=1400 audit(1785387432.754:188): apparmor="STATUS" operation="profile_load" profile="unconfined" name="snap.mesa-2404.hook.connect-plug-kernel-gpu-2404" pid=928 comm="apparmor_parser"
[    5.685023] audit: type=1400 audit(1785387432.755:189): apparmor="STATUS" operation="profile_load" profile="unconfined" name="snap.mesa-2404.hook.post-refresh" pid=931 comm="apparmor_parser"
[    5.685054] audit: type=1400 audit(1785387432.755:190): apparmor="STATUS" operation="profile_load" profile="unconfined" name="snap.mesa-2404.hook.install" pid=930 comm="apparmor_parser"
[    5.685215] audit: type=1400 audit(1785387432.755:191): apparmor="STATUS" operation="profile_load" profile="unconfined" name="snap.mesa-2404.component-monitor" pid=927 comm="apparmor_parser"
[    5.685359] audit: type=1400 audit(1785387432.755:192): apparmor="STATUS" operation="profile_load" profile="unconfined" name="snap.mesa-2404.hook.disconnect-plug-kernel-gpu-2404" pid=929 comm="apparmor_parser"
[    5.685463] audit: type=1400 audit(1785387432.755:193): apparmor="STATUS" operation="profile_load" profile="unconfined" name="snap-update-ns.firefox" pid=919 comm="apparmor_parser"
[    5.909533] pcieport 0000:00:07.0: AER: Uncorrectable (Non-Fatal) error message received from 0000:03:00.0
[    5.909547] nvidia 0000:03:00.0: PCIe Bus Error: severity=Uncorrectable (Non-Fatal), type=Transaction Layer, (Requester ID)
[    5.909549] nvidia 0000:03:00.0:   device [10de:2782] error status/mask=00004000/00000000
[    5.909551] nvidia 0000:03:00.0:    [14] CmpltTO                (First)
[    5.909560] nvidia 0000:03:00.0: AER: can't recover (no error_detected callback)
[    5.909561] snd_hda_intel 0000:03:00.1: AER: can't recover (no error_detected callback)
[    5.909582] pcieport 0000:02:00.0: AER: device recovery failed
[    5.995088] nvme nvme0: using unchecked data buffer
[    6.139296] [drm] Initialized nvidia-drm 0.0.0 for 0000:03:00.0 on minor 1
[    6.140171] nvidia 0000:03:00.0: [drm] Cannot find any crtc or sizes
[    6.256645] Bluetooth: BNEP (Ethernet Emulation) ver 1.3
[    6.256650] Bluetooth: BNEP filters: protocol multicast
[    6.256654] Bluetooth: BNEP socket layer initialized
[    6.299000] Bluetooth: hci0: Waiting for firmware download to complete
[    6.299857] Bluetooth: hci0: Firmware loaded in 2080052 usecs
[    6.299883] Bluetooth: hci0: Waiting for device to boot
[    6.355881] Bluetooth: hci0: Device booted in 54699 usecs
[    6.358924] Bluetooth: hci0: dsbr: enable: 0x01 value: 0x0f
[    6.366853] Bluetooth: hci0: Found Intel DDC parameters: intel/ibt-0291-0291.ddc
[    6.367853] Bluetooth: hci0: Applying Intel DDC parameters completed
[    6.371862] Bluetooth: hci0: Firmware timestamp 2026.8 buildtype 1 build 105597
[    6.371864] Bluetooth: hci0: Firmware SHA1: 0x08f159a0
[    6.375856] Bluetooth: hci0: Fseq status: Success (0x00)
[    6.375857] Bluetooth: hci0: Fseq executed: 00.00.04.202
[    6.375858] Bluetooth: hci0: Fseq BT Top: 00.00.04.202
[    6.436703] NET: Registered PF_QIPCRTR protocol family
[    6.487376] Bluetooth: MGMT ver 1.23
[    6.492920] NET: Registered PF_ALG protocol family
[    7.841756] Bluetooth: RFCOMM TTY layer initialized
[    7.841765] Bluetooth: RFCOMM socket layer initialized
[    7.841769] Bluetooth: RFCOMM ver 1.11
[    9.258044] igc 0000:56:00.0 enp86s0: NIC Link is Up 1000 Mbps Full Duplex, Flow Control: RX/TX
[   12.008022] kauditd_printk_skb: 12 callbacks suppressed
[   12.008029] audit: type=1400 audit(1785387439.077:206): apparmor="DENIED" operation="capable" class="cap" profile="fusermount3" pid=1979 comm="fusermount3" capability=1  capname="dac_override"
[   12.008037] audit: type=1400 audit(1785387439.077:207): apparmor="DENIED" operation="capable" class="cap" profile="fusermount3" pid=1979 comm="fusermount3" capability=7  capname="setuid"
[   12.008056] audit: type=1400 audit(1785387439.078:208): apparmor="DENIED" operation="capable" class="cap" profile="fusermount3" pid=1982 comm="fusermount3" capability=7  capname="setuid"
[ 7922.903037] audit: type=1400 audit(1785395349.970:209): apparmor="DENIED" operation="open" class="file" profile="/usr/sbin/cupsd" name="/etc/paperspecs" pid=4771 comm="cupsd" requested_mask="r" denied_mask="r" fsuid=0 ouid=0
[ 7922.905143] audit: type=1400 audit(1785395349.973:210): apparmor="DENIED" operation="capable" class="cap" profile="/usr/sbin/cupsd" pid=4771 comm="cupsd" capability=12  capname="net_admin"
[84916.170308] set_capacity_and_notify: 3 callbacks suppressed
[84916.170313] loop12: detected capacity change from 0 to 527496
[84916.411893] audit: type=1400 audit(1785472343.097:211): apparmor="STATUS" operation="profile_replace" info="same as current profile, skipping" profile="unconfined" name="/snap/snapd/27406/usr/lib/snapd/snap-confine" pid=25640 comm="apparmor_parser"
[84916.483584] audit: type=1400 audit(1785472343.169:212): apparmor="STATUS" operation="profile_replace" profile="unconfined" name="snap.firefox.hook.disconnect-plug-host-hunspell" pid=25646 comm="apparmor_parser"
[84916.489229] audit: type=1400 audit(1785472343.175:213): apparmor="STATUS" operation="profile_replace" profile="unconfined" name="snap.firefox.hook.install" pid=25647 comm="apparmor_parser"
[84916.489407] audit: type=1400 audit(1785472343.175:214): apparmor="STATUS" operation="profile_replace" profile="unconfined" name="snap.firefox.hook.post-refresh" pid=25648 comm="apparmor_parser"
[84916.510127] audit: type=1400 audit(1785472343.195:215): apparmor="STATUS" operation="profile_replace" profile="unconfined" name="snap.firefox.hook.configure" pid=25645 comm="apparmor_parser"
[84916.593955] audit: type=1400 audit(1785472343.279:216): apparmor="STATUS" operation="profile_replace" profile="unconfined" name="snap-update-ns.firefox" pid=25642 comm="apparmor_parser"
[84916.786392] audit: type=1400 audit(1785472343.472:217): apparmor="STATUS" operation="profile_replace" profile="unconfined" name="snap.firefox.geckodriver" pid=25644 comm="apparmor_parser"
[84916.787756] audit: type=1400 audit(1785472343.473:218): apparmor="STATUS" operation="profile_replace" profile="unconfined" name="snap.firefox.firefox" pid=25643 comm="apparmor_parser"
[84916.792223] audit: type=1400 audit(1785472343.477:219): apparmor="STATUS" operation="profile_replace" info="same as current profile, skipping" profile="unconfined" name="snap-update-ns.mesa-2404" pid=25657 comm="apparmor_parser"
[84916.792687] audit: type=1400 audit(1785472343.478:220): apparmor="STATUS" operation="profile_replace" info="same as current profile, skipping" profile="unconfined" name="snap.mesa-2404.hook.connect-plug-kernel-gpu-2404" pid=25659 comm="apparmor_parser"
[87902.665386] hrtimer: interrupt took 15652 ns
[96903.333976] kauditd_printk_skb: 4 callbacks suppressed
[96903.333979] audit: type=1400 audit(1785484329.961:225): apparmor="DENIED" operation="open" class="file" profile="/usr/sbin/cupsd" name="/etc/paperspecs" pid=29107 comm="cupsd" requested_mask="r" denied_mask="r" fsuid=0 ouid=0
[96903.339138] audit: type=1400 audit(1785484329.966:226): apparmor="DENIED" operation="capable" class="cap" profile="/usr/sbin/cupsd" pid=29107 comm="cupsd" capability=12  capname="net_admin"
[167359.890241] pcieport 0000:00:07.0: AER: Correctable error message received from 0000:02:00.0
[167359.890586] pcieport 0000:02:00.0: PCIe Bus Error: severity=Correctable, type=Physical Layer, (Transmitter ID)
[167359.890589] pcieport 0000:02:00.0:   device [8086:5786] error status/mask=00001101/00002000
[167359.890592] pcieport 0000:02:00.0:    [ 0] RxErr                  (First)
[167359.890595] pcieport 0000:02:00.0:    [ 8] Rollover              
[167359.890596] pcieport 0000:02:00.0:    [12] Timeout               
[167360.067008] pcieport 0000:00:07.0: AER: Uncorrectable (Non-Fatal) error message received from 0000:03:00.0
[167360.067037] nvidia 0000:03:00.0: PCIe Bus Error: severity=Uncorrectable (Non-Fatal), type=Transaction Layer, (Requester ID)
[167360.067039] nvidia 0000:03:00.0:   device [10de:2782] error status/mask=00004000/00000000
[167360.067041] nvidia 0000:03:00.0:    [14] CmpltTO                (First)
[167360.067051] nvidia 0000:03:00.0: AER: can't recover (no error_detected callback)
[167360.067052] snd_hda_intel 0000:03:00.1: AER: can't recover (no error_detected callback)
[167360.067083] pcieport 0000:02:00.0: AER: device recovery failed
[167375.930422] pcieport 0000:00:07.0: AER: Uncorrectable (Non-Fatal) error message received from 0000:03:00.0
[167375.966498] nvidia 0000:03:00.0: PCIe Bus Error: severity=Uncorrectable (Non-Fatal), type=Transaction Layer, (Requester ID)
[167375.966501] nvidia 0000:03:00.0:   device [10de:2782] error status/mask=00004000/00000000
[167375.966503] nvidia 0000:03:00.0:    [14] CmpltTO                (First)
[167375.966510] nvidia 0000:03:00.0: AER: can't recover (no error_detected callback)
[167375.966511] snd_hda_intel 0000:03:00.1: AER: can't recover (no error_detected callback)
[167375.966545] pcieport 0000:02:00.0: AER: device recovery failed
[168766.522513] pcieport 0000:00:07.0: AER: Correctable error message received from 0000:02:00.0
[168766.522694] pcieport 0000:02:00.0: PCIe Bus Error: severity=Correctable, type=Physical Layer, (Transmitter ID)
[168766.522696] pcieport 0000:02:00.0:   device [8086:5786] error status/mask=00001101/00002000
[168766.522700] pcieport 0000:02:00.0:    [ 0] RxErr                  (First)
[168766.522702] pcieport 0000:02:00.0:    [ 8] Rollover              
[168766.522704] pcieport 0000:02:00.0:    [12] Timeout               
[168766.752372] NVRM: GPU at PCI:0000:03:00: GPU-3bde5bd9-d1f9-25e8-6f1f-7aadc2e15ed3
[168766.752375] NVRM: Xid (PCI:0000:03:00): 79, pid=50451, name=avg-pool-1d.exe, GPU has fallen off the bus.
[168766.752380] NVRM: GPU 0000:03:00.0: GPU has fallen off the bus.
[168766.752384] NVRM: GPU0 krcRcAndNotifyAllChannels_IMPL: RC all channels for critical error 79.
[168766.752388] NVRM: GPU0 _threadNodeCheckTimeout: API_GPU_ATTACHED_SANITY_CHECK failed!
[168766.752395] NVRM: GPU0 _threadNodeCheckTimeout: API_GPU_ATTACHED_SANITY_CHECK failed!
[168766.752398] NVRM: GPU0 _threadNodeCheckTimeout: API_GPU_ATTACHED_SANITY_CHECK failed!
[168766.752400] NVRM: GPU0 _threadNodeCheckTimeout: API_GPU_ATTACHED_SANITY_CHECK failed!
[168766.752406] NVRM: GPU0 _threadNodeCheckTimeout: API_GPU_ATTACHED_SANITY_CHECK failed!
[168766.752407] NVRM: GPU0 _threadNodeCheckTimeout: API_GPU_ATTACHED_SANITY_CHECK failed!
[168766.752409] NVRM: GPU0 _threadNodeCheckTimeout: API_GPU_ATTACHED_SANITY_CHECK failed!
[168766.802585] NVRM: GPU0 _issueRpcAndWait: rpcSendMessage failed with status 0x0000000f for fn 78 sequence 8182!
[168766.802587] NVRM: GPU0 nvCheckOkFailedNoLog: Check failed: GPU lost from the bus [NV_ERR_GPU_IS_LOST] (0x0000000F) returned from nvdEngineDumpCallbackHelper(pGpu, pPrbEnc, pNvDumpState, pEngineCallback) @ nv_debug_dump.c:273
[168766.802600] NVRM: GPU0 _issueRpcAndWait: rpcSendMessage failed with status 0x0000000f for fn 78 sequence 8183!
[168766.802601] NVRM: GPU0 nvCheckOkFailedNoLog: Check failed: GPU lost from the bus [NV_ERR_GPU_IS_LOST] (0x0000000F) returned from nvdEngineDumpCallbackHelper(pGpu, pPrbEnc, pNvDumpState, pEngineCallback) @ nv_debug_dump.c:273
[168766.802602] NVRM: GPU0 _issueRpcAndWait: rpcSendMessage failed with status 0x0000000f for fn 78 sequence 8184!
[168766.802603] NVRM: GPU0 nvCheckOkFailedNoLog: Check failed: GPU lost from the bus [NV_ERR_GPU_IS_LOST] (0x0000000F) returned from nvdEngineDumpCallbackHelper(pGpu, pPrbEnc, pNvDumpState, pEngineCallback) @ nv_debug_dump.c:273
[168766.802604] NVRM: GPU0 _issueRpcAndWait: rpcSendMessage failed with status 0x0000000f for fn 78 sequence 8185!
[168766.802604] NVRM: GPU0 nvCheckOkFailedNoLog: Check failed: GPU lost from the bus [NV_ERR_GPU_IS_LOST] (0x0000000F) returned from nvdEngineDumpCallbackHelper(pGpu, pPrbEnc, pNvDumpState, pEngineCallback) @ nv_debug_dump.c:273
[168766.802606] NVRM: GPU0 _issueRpcAndWait: rpcSendMessage failed with status 0x0000000f for fn 78 sequence 8186!
[168766.802606] NVRM: GPU0 nvCheckOkFailedNoLog: Check failed: GPU lost from the bus [NV_ERR_GPU_IS_LOST] (0x0000000F) returned from nvdEngineDumpCallbackHelper(pGpu, pPrbEnc, pNvDumpState, pEngineCallback) @ nv_debug_dump.c:273
[168766.802607] NVRM: GPU0 _issueRpcAndWait: rpcSendMessage failed with status 0x0000000f for fn 78 sequence 8187!
[168766.802608] NVRM: GPU0 nvCheckOkFailedNoLog: Check failed: GPU lost from the bus [NV_ERR_GPU_IS_LOST] (0x0000000F) returned from nvdEngineDumpCallbackHelper(pGpu, pPrbEnc, pNvDumpState, pEngineCallback) @ nv_debug_dump.c:273
[168766.802609] NVRM: GPU0 _issueRpcAndWait: rpcSendMessage failed with status 0x0000000f for fn 78 sequence 8188!
[168766.802610] NVRM: GPU0 nvCheckOkFailedNoLog: Check failed: GPU lost from the bus [NV_ERR_GPU_IS_LOST] (0x0000000F) returned from nvdEngineDumpCallbackHelper(pGpu, pPrbEnc, pNvDumpState, pEngineCallback) @ nv_debug_dump.c:273
[168766.802611] NVRM: GPU0 _issueRpcAndWait: rpcSendMessage failed with status 0x0000000f for fn 78 sequence 8189!
[168766.802612] NVRM: GPU0 nvCheckOkFailedNoLog: Check failed: GPU lost from the bus [NV_ERR_GPU_IS_LOST] (0x0000000F) returned from nvdEngineDumpCallbackHelper(pGpu, pPrbEnc, pNvDumpState, pEngineCallback) @ nv_debug_dump.c:273
[168766.802613] NVRM: GPU0 _issueRpcAndWait: rpcSendMessage failed with status 0x0000000f for fn 78 sequence 8190!
[168766.802613] NVRM: GPU0 nvCheckOkFailedNoLog: Check failed: GPU lost from the bus [NV_ERR_GPU_IS_LOST] (0x0000000F) returned from nvdEngineDumpCallbackHelper(pGpu, pPrbEnc, pNvDumpState, pEngineCallback) @ nv_debug_dump.c:273
[168766.802614] NVRM: GPU0 _issueRpcAndWait: rpcSendMessage failed with status 0x0000000f for fn 78 sequence 8191!
[168766.802615] NVRM: GPU0 nvCheckOkFailedNoLog: Check failed: GPU lost from the bus [NV_ERR_GPU_IS_LOST] (0x0000000F) returned from nvdEngineDumpCallbackHelper(pGpu, pPrbEnc, pNvDumpState, pEngineCallback) @ nv_debug_dump.c:273
[168766.802616] NVRM: GPU0 _issueRpcAndWait: rpcSendMessage failed with status 0x0000000f for fn 78 sequence 8192!
[168766.802617] NVRM: GPU0 nvCheckOkFailedNoLog: Check failed: GPU lost from the bus [NV_ERR_GPU_IS_LOST] (0x0000000F) returned from nvdEngineDumpCallbackHelper(pGpu, pPrbEnc, pNvDumpState, pEngineCallback) @ nv_debug_dump.c:273
[168766.802618] NVRM: GPU0 _issueRpcAndWait: rpcSendMessage failed with status 0x0000000f for fn 78 sequence 8193!
[168766.802618] NVRM: GPU0 nvCheckOkFailedNoLog: Check failed: GPU lost from the bus [NV_ERR_GPU_IS_LOST] (0x0000000F) returned from nvdEngineDumpCallbackHelper(pGpu, pPrbEnc, pNvDumpState, pEngineCallback) @ nv_debug_dump.c:273
[168766.802619] NVRM: GPU0 _issueRpcAndWait: rpcSendMessage failed with status 0x0000000f for fn 78 sequence 8194!
[168766.802620] NVRM: GPU0 nvCheckOkFailedNoLog: Check failed: GPU lost from the bus [NV_ERR_GPU_IS_LOST] (0x0000000F) returned from nvdEngineDumpCallbackHelper(pGpu, pPrbEnc, pNvDumpState, pEngineCallback) @ nv_debug_dump.c:273
[168766.802621] NVRM: GPU0 _issueRpcAndWait: rpcSendMessage failed with status 0x0000000f for fn 78 sequence 8195!
[168766.802622] NVRM: GPU0 nvCheckOkFailedNoLog: Check failed: GPU lost from the bus [NV_ERR_GPU_IS_LOST] (0x0000000F) returned from nvdEngineDumpCallbackHelper(pGpu, pPrbEnc, pNvDumpState, pEngineCallback) @ nv_debug_dump.c:273
[168766.802623] NVRM: GPU0 _issueRpcAndWait: rpcSendMessage failed with status 0x0000000f for fn 78 sequence 8196!
[168766.802623] NVRM: GPU0 nvCheckOkFailedNoLog: Check failed: GPU lost from the bus [NV_ERR_GPU_IS_LOST] (0x0000000F) returned from nvdEngineDumpCallbackHelper(pGpu, pPrbEnc, pNvDumpState, pEngineCallback) @ nv_debug_dump.c:273
[168766.802625] NVRM: GPU0 _issueRpcAndWait: rpcSendMessage failed with status 0x0000000f for fn 78 sequence 8197!
[168766.802625] NVRM: GPU0 nvCheckOkFailedNoLog: Check failed: GPU lost from the bus [NV_ERR_GPU_IS_LOST] (0x0000000F) returned from nvdEngineDumpCallbackHelper(pGpu, pPrbEnc, pNvDumpState, pEngineCallback) @ nv_debug_dump.c:273
[168766.802626] NVRM: GPU0 _issueRpcAndWait: rpcSendMessage failed with status 0x0000000f for fn 78 sequence 8198!
[168766.802627] NVRM: GPU0 nvCheckOkFailedNoLog: Check failed: GPU lost from the bus [NV_ERR_GPU_IS_LOST] (0x0000000F) returned from nvdEngineDumpCallbackHelper(pGpu, pPrbEnc, pNvDumpState, pEngineCallback) @ nv_debug_dump.c:273
[168766.802628] NVRM: GPU0 _issueRpcAndWait: rpcSendMessage failed with status 0x0000000f for fn 78 sequence 8199!
[168766.802628] NVRM: GPU0 nvCheckOkFailedNoLog: Check failed: GPU lost from the bus [NV_ERR_GPU_IS_LOST] (0x0000000F) returned from nvdEngineDumpCallbackHelper(pGpu, pPrbEnc, pNvDumpState, pEngineCallback) @ nv_debug_dump.c:273
[168766.802630] NVRM: GPU0 _issueRpcAndWait: rpcSendMessage failed with status 0x0000000f for fn 78 sequence 8200!
[168766.802630] NVRM: GPU0 nvCheckOkFailedNoLog: Check failed: GPU lost from the bus [NV_ERR_GPU_IS_LOST] (0x0000000F) returned from nvdEngineDumpCallbackHelper(pGpu, pPrbEnc, pNvDumpState, pEngineCallback) @ nv_debug_dump.c:273
[168766.802631] NVRM: GPU0 _issueRpcAndWait: rpcSendMessage failed with status 0x0000000f for fn 78 sequence 8201!
[168766.802632] NVRM: GPU0 nvCheckOkFailedNoLog: Check failed: GPU lost from the bus [NV_ERR_GPU_IS_LOST] (0x0000000F) returned from nvdEngineDumpCallbackHelper(pGpu, pPrbEnc, pNvDumpState, pEngineCallback) @ nv_debug_dump.c:273
[168766.802633] NVRM: GPU0 _issueRpcAndWait: rpcSendMessage failed with status 0x0000000f for fn 78 sequence 8202!
[168766.802634] NVRM: GPU0 nvCheckOkFailedNoLog: Check failed: GPU lost from the bus [NV_ERR_GPU_IS_LOST] (0x0000000F) returned from nvdEngineDumpCallbackHelper(pGpu, pPrbEnc, pNvDumpState, pEngineCallback) @ nv_debug_dump.c:273
[168766.802635] NVRM: GPU0 _issueRpcAndWait: rpcSendMessage failed with status 0x0000000f for fn 78 sequence 8203!
[168766.802636] NVRM: GPU0 nvCheckOkFailedNoLog: Check failed: GPU lost from the bus [NV_ERR_GPU_IS_LOST] (0x0000000F) returned from nvdEngineDumpCallbackHelper(pGpu, pPrbEnc, pNvDumpState, pEngineCallback) @ nv_debug_dump.c:273
[168766.802637] NVRM: GPU0 _issueRpcAndWait: rpcSendMessage failed with status 0x0000000f for fn 78 sequence 8204!
[168766.802638] NVRM: GPU0 nvCheckOkFailedNoLog: Check failed: GPU lost from the bus [NV_ERR_GPU_IS_LOST] (0x0000000F) returned from nvdEngineDumpCallbackHelper(pGpu, pPrbEnc, pNvDumpState, pEngineCallback) @ nv_debug_dump.c:273
[168766.802639] NVRM: GPU0 _issueRpcAndWait: rpcSendMessage failed with status 0x0000000f for fn 78 sequence 8205!
[168766.802640] NVRM: GPU0 nvCheckOkFailedNoLog: Check failed: GPU lost from the bus [NV_ERR_GPU_IS_LOST] (0x0000000F) returned from nvdEngineDumpCallbackHelper(pGpu, pPrbEnc, pNvDumpState, pEngineCallback) @ nv_debug_dump.c:273
[168766.802641] NVRM: GPU0 _issueRpcAndWait: rpcSendMessage failed with status 0x0000000f for fn 78 sequence 8206!
[168766.802642] NVRM: GPU0 nvCheckOkFailedNoLog: Check failed: GPU lost from the bus [NV_ERR_GPU_IS_LOST] (0x0000000F) returned from nvdEngineDumpCallbackHelper(pGpu, pPrbEnc, pNvDumpState, pEngineCallback) @ nv_debug_dump.c:273
[168766.802667] NVRM: GPU0 RmLogGpuCrash: RmLogGpuCrash: failed to save GPU crash data
[168766.852614] NVRM: GPU0 _kgspLogRpcSanityCheckFailure: GPU0 sanity check failed 0xf waiting for RPC response from GSP. Expected function 76 (GSP_RM_CONTROL) sequence 8181 (0x20800a9a 0x8).
[168766.852615] NVRM: GPU0 GSP RPC buffer contains function 78 (DUMP_PROTOBUF_COMPONENT) sequence 8206 and data 0x0000000000000000 0x0000000000000000.
[168766.852616] NVRM: GPU0 RPC history (CPU -> GSP):
[168766.852616] NVRM:     entry function                     sequence data0              data1              ts_start           ts_end             duration actively_polling
[168766.852617] NVRM:      0    76   GSP_RM_CONTROL              8181 0x0000000020800a9a 0x0000000000000008 0x000657f43299f4a6 0x0000000000000000          y
[168766.852619] NVRM:     -1    76   GSP_RM_CONTROL              8180 0x000000002080a026 0x0000000000000214 0x000657f43299f36d 0x000657f43299f461    244us  
[168766.852620] NVRM:     -2    76   GSP_RM_CONTROL              8179 0x000000002080a084 0x0000000000000004 0x000657f43299f27b 0x000657f43299f34b    208us  
[168766.852621] NVRM:     -3    76   GSP_RM_CONTROL              8178 0x0000000020809001 0x0000000000000008 0x000657f43299f17f 0x000657f43299f25a    219us  
[168766.852622] NVRM:     -4    76   GSP_RM_CONTROL              8177 0x0000000020809064 0x0000000000000208 0x000657f43299f07f 0x000657f43299f15c    221us  
[168766.852623] NVRM:     -5    76   GSP_RM_CONTROL              8176 0x000000002080a026 0x0000000000000214 0x000657f43299eea2 0x000657f43299f059    439us  
[168766.852624] NVRM:     -6    76   GSP_RM_CONTROL              8175 0x000000002080a084 0x0000000000000004 0x000657f43299ed9a 0x000657f43299ee80    230us  
[168766.852624] NVRM:     -7    76   GSP_RM_CONTROL              8174 0x0000000020809001 0x0000000000000008 0x000657f43299eca7 0x000657f43299ed78    209us  
[168766.852625] NVRM: GPU0 RPC event history (CPU <- GSP):
[168766.852625] NVRM:     entry function                     sequence data0              data1              ts_start           ts_end             duration during_incomplete_rpc
[168766.852626] NVRM:      0    4108 UCODE_LIBOS_PRINT              0 0x0000000000000000 0x0000000000000000 0x000657cce7b74e1b 0x000657cce7b74e1b           
[168766.852627] NVRM:     -1    4108 UCODE_LIBOS_PRINT              0 0x0000000000000000 0x0000000000000000 0x000657cce7b74c83 0x000657cce7b74c83           
[168766.852628] NVRM:     -2    4135 GSP_LOAD_EXEC_HS_BINA          0 0x0000000000000000 0x0000000000000000 0x000657cce7b6c131 0x000657cce7b6d3e5   4788us  
[168766.852631] CPU: 1 UID: 1000 PID: 50451 Comm: avg-pool-1d.exe Tainted: G           O        7.0.0-28-generic #28-Ubuntu PREEMPT(lazy) 
[168766.852632] Tainted: [O]=OOT_MODULE
[168766.852633] Hardware name: Micro Computer (HK) Tech Limited AI Series/ARBSC, BIOS 1.01 06/19/2025
[168766.852634] Call Trace:
[168766.852636]  <TASK>
[168766.852639]  show_stack+0x49/0x60
[168766.852644]  dump_stack_lvl+0x5f/0x90
[168766.852646]  dump_stack+0x10/0x18
[168766.852648]  os_dump_stack+0xe/0x20 [nvidia]
[168766.852794]  _kgspRpcRecvPoll+0x714/0x1220 [nvidia]
[168766.852916]  ? os_get_system_time+0x3b/0x90 [nvidia]
[168766.852967]  ? _kgspRpcSendMessage+0xd3/0x1a0 [nvidia]
[168766.853078]  _issueRpcAndWait+0xd5/0x920 [nvidia]
[168766.853157]  ? osGetCurrentThread+0x26/0x60 [nvidia]
[168766.853276]  ? rmDeviceGpuLockIsOwner+0x29/0x90 [nvidia]
[168766.853394]  ? os_mem_set+0x14/0x20 [nvidia]
[168766.853444]  rpcRmApiControl_GSP+0x76f/0x940 [nvidia]
[168766.853520]  kperfBoostSet_IMPL+0x69/0x70 [nvidia]
[168766.853613]  resControl_IMPL+0x1b1/0x1c0 [nvidia]
[168766.853679]  gpuresControl_IMPL+0x4c/0xa0 [nvidia]
[168766.853787]  serverControl+0x47e/0x590 [nvidia]
[168766.853846]  ? _raw_spin_lock_irqsave+0xe/0x20
[168766.853850]  _rmapiRmControl+0x4f2/0x820 [nvidia]
[168766.853931]  rmapiControlWithSecInfo+0x79/0x140 [nvidia]
[168766.854003]  rmapiControlWithSecInfoTls+0x8f/0xf0 [nvidia]
[168766.854074]  _nv04ControlWithSecInfo+0x8d/0xa0 [nvidia]
[168766.854144]  ? rm_ioctl+0x7a/0x4f0 [nvidia]
[168766.854261]  ? security_capable+0x70/0x1e0
[168766.854264]  RmIoctl+0x934/0xda0 [nvidia]
[168766.854380]  ? portSyncSpinlockAcquire+0x18/0x30 [nvidia]
[168766.854441]  ? os_release_spinlock+0x1a/0x30 [nvidia]
[168766.854493]  rm_ioctl+0x66/0x4f0 [nvidia]
[168766.854609]  nvidia_unlocked_ioctl+0x565/0xbf0 [nvidia]
[168766.854657]  __x64_sys_ioctl+0xa3/0x100
[168766.854659]  x64_sys_call+0x103b/0x2390
[168766.854662]  do_syscall_64+0x105/0x5a0
[168766.854663]  ? arch_exit_to_user_mode_prepare.isra.0+0xd/0xe0
[168766.854665]  ? do_syscall_64+0x140/0x5a0
[168766.854665]  ? do_syscall_64+0x140/0x5a0
[168766.854666]  ? handle_pte_fault+0x141/0x1f0
[168766.854668]  ? nvidia_unlocked_ioctl+0x205/0xbf0 [nvidia]
[168766.854715]  ? __task_pid_nr_ns+0x6c/0x120
[168766.854718]  ? arch_exit_to_user_mode_prepare.isra.0+0xd/0xe0
[168766.854719]  ? do_syscall_64+0x140/0x5a0
[168766.854720]  ? count_memcg_events+0x103/0x250
[168766.854722]  ? handle_mm_fault+0x1be/0x2e0
[168766.854723]  ? arch_exit_to_user_mode_prepare.isra.0+0xd/0x100
[168766.854725]  ? irqentry_exit+0x97/0x6f0
[168766.854726]  ? exc_page_fault+0x94/0x1e0
[168766.854727]  entry_SYSCALL_64_after_hwframe+0x76/0x7e
[168766.854729] RIP: 0033:0x7894f7b32c3d
[168766.854731] Code: 04 25 28 00 00 00 48 89 45 c8 31 c0 48 8d 45 10 c7 45 b0 10 00 00 00 48 89 45 b8 48 8d 45 d0 48 89 45 c0 b8 10 00 00 00 0f 05 <89> c2 3d 00 f0 ff ff 77 1a 48 8b 45 c8 64 48 2b 04 25 28 00 00 00
[168766.854731] RSP: 002b:00007ffdf13a13a0 EFLAGS: 00000246 ORIG_RAX: 0000000000000010
[168766.854733] RAX: ffffffffffffffda RBX: 00007ffdf13a14c0 RCX: 00007894f7b32c3d
[168766.854733] RDX: 00007ffdf13a14c0 RSI: 00000000c020462a RDI: 0000000000000008
[168766.854734] RBP: 00007ffdf13a13f0 R08: 00007ffdf13a14c0 R09: 00007ffdf13a14dc
[168766.854734] R10: 00007ffdf13a14c0 R11: 0000000000000246 R12: 00000000c020462a
[168766.854735] R13: 0000000000000008 R14: 00007ffdf13a14dc R15: 00007ffdf13a1410
[168766.854736]  </TASK>
[168766.854743] NVRM: GPU0 tmrGetTimeEx_GM107: NVRM-RC: Consistently Bad TimeLo value ffffffff
[168766.854745] NVRM: GPU0 tmrGetTimeEx_GM107: NVRM-RC: Consistently Bad TimeLo value ffffffff
[168766.854859] NVRM: Xid (PCI:0000:03:00): 154, GPU recovery action changed from 0x0 (None) to 0x2 (Node Reboot Required)
[168766.855073] traps: avg-pool-1d.exe[50451] general protection fault ip:7894f2545f88 sp:7ffdf13a3150 error:0 in libcuda.so.595.71.05[345f88,7894f2364000+10fc000]
[168767.021499] NVRM: nvGpuOpsReportFatalError: uvm encountered global fatal error 0x60, requiring os reboot to recover.
[168767.022426] NVRM: GPU0 nvAssertFailedNoLog: Assertion failed: (status == NV_OK) || (status == NV_ERR_GPU_IN_FULLCHIP_RESET) @ rs_client.c:844
[168767.022437] NVRM: nvAssertFailedNoLog: Assertion failed: (status == NV_OK) || (status == NV_ERR_GPU_IN_FULLCHIP_RESET) @ rs_server.c:259
[168767.022446] NVRM: GPU0 nvAssertFailedNoLog: Assertion failed: (status == NV_OK) || (status == NV_ERR_GPU_IN_FULLCHIP_RESET) @ rs_client.c:844
[168767.022448] NVRM: nvAssertFailedNoLog: Assertion failed: (status == NV_OK) || (status == NV_ERR_GPU_IN_FULLCHIP_RESET) @ rs_server.c:259
[168767.022640] NVRM: GPU0 nvAssertFailedNoLog: Assertion failed: (status == NV_OK) || (status == NV_ERR_GPU_IN_FULLCHIP_RESET) @ rs_client.c:844
[168767.022643] NVRM: nvAssertFailedNoLog: Assertion failed: (status == NV_OK) || (status == NV_ERR_GPU_IN_FULLCHIP_RESET) @ rs_server.c:259
[168767.022647] NVRM: GPU0 nvAssertFailedNoLog: Assertion failed: (status == NV_OK) || (status == NV_ERR_GPU_IN_FULLCHIP_RESET) @ rs_client.c:844
[168767.022649] NVRM: nvAssertFailedNoLog: Assertion failed: (status == NV_OK) || (status == NV_ERR_GPU_IN_FULLCHIP_RESET) @ rs_server.c:259
[168767.022763] NVRM: GPU0 nvAssertFailedNoLog: Assertion failed: (status == NV_OK) || (status == NV_ERR_GPU_IN_FULLCHIP_RESET) @ rs_client.c:844
[168767.022786] NVRM: nvAssertFailedNoLog: Assertion failed: (status == NV_OK) || (status == NV_ERR_GPU_IN_FULLCHIP_RESET) @ rs_server.c:259
[168767.022798] NVRM: GPU0 nvAssertFailedNoLog: Assertion failed: (status == NV_OK) || (status == NV_ERR_GPU_IN_FULLCHIP_RESET) @ rs_client.c:844
[168767.022800] NVRM: nvAssertFailedNoLog: Assertion failed: (status == NV_OK) || (status == NV_ERR_GPU_IN_FULLCHIP_RESET) @ rs_server.c:259
[168767.022804] NVRM: GPU0 nvAssertFailedNoLog: Assertion failed: (status == NV_OK) || (status == NV_ERR_GPU_IN_FULLCHIP_RESET) @ rs_client.c:844
[168767.022806] NVRM: nvAssertFailedNoLog: Assertion failed: (status == NV_OK) || (status == NV_ERR_GPU_IN_FULLCHIP_RESET) @ rs_server.c:259
[168767.022901] NVRM: GPU0 nvAssertFailedNoLog: Assertion failed: (status == NV_OK) || (status == NV_ERR_GPU_IN_FULLCHIP_RESET) @ rs_client.c:844
[168767.022903] NVRM: nvAssertFailedNoLog: Assertion failed: (status == NV_OK) || (status == NV_ERR_GPU_IN_FULLCHIP_RESET) @ rs_server.c:259
[168767.022908] NVRM: GPU0 nvAssertFailedNoLog: Assertion failed: (status == NV_OK) || (status == NV_ERR_GPU_IN_FULLCHIP_RESET) @ rs_client.c:844
[168767.022910] NVRM: nvAssertFailedNoLog: Assertion failed: (status == NV_OK) || (status == NV_ERR_GPU_IN_FULLCHIP_RESET) @ rs_server.c:259
[168767.023005] NVRM: GPU0 nvAssertFailedNoLog: Assertion failed: (status == NV_OK) || (status == NV_ERR_GPU_IN_FULLCHIP_RESET) @ rs_client.c:844
[168767.023021] NVRM: nvAssertFailedNoLog: Assertion failed: (status == NV_OK) || (status == NV_ERR_GPU_IN_FULLCHIP_RESET) @ rs_server.c:259
[168767.073486] NVRM: GPU0 nvAssertFailedNoLog: Assertion failed: (status == NV_OK) || (status == NV_ERR_GPU_IN_FULLCHIP_RESET) @ vaspace_api.c:573
[168767.073710] NVRM: nvAssertFailedNoLog: Assertion failed: status == NV_OK @ nv_gpu_ops.c:9682
[168767.073729] NVRM: GPU0 kgmmuFaultBufferReplayableDestroy_IMPL: Unregistering Replayable Fault buffer failed (status=0x0000000f), proceeding...
[168767.073820] NVRM: GPU0 uvmTerminateAccessCntrBuffer_IMPL: Unloading UVM Access counters failed (status=0x0000000f), proceeding...
[168767.073933] ------------[ cut here ]------------
[168767.073934] WARNING: nvidia/nv.c:5461 at nvidia_dev_put_uuid+0x55/0x60 [nvidia], CPU#6: cuda00001400006/50452
[168767.074048] Modules linked in: rfcomm snd_seq_dummy snd_hrtimer cmac algif_hash algif_skcipher af_alg qrtr bnep nvidia_uvm(O) binfmt_misc snd_hda_codec_intelhdmi nls_iso8859_1 snd_hda_codec_alc269 snd_hda_codec_realtek_lib snd_hda_scodec_component snd_hda_codec_generic xe drm_gpusvm_helper gpu_sched drm_gpuvm drm_exec drm_suballoc_helper snd_sof_pci_intel_mtl snd_sof_intel_hda_generic soundwire_intel snd_sof_intel_hda_sdw_bpt snd_sof_intel_hda_common snd_soc_hdac_hda snd_sof_intel_hda_mlink snd_sof_intel_hda soundwire_cadence snd_sof_pci snd_sof_xtensa_dsp snd_hda_codec_nvhdmi snd_hda_codec_hdmi snd_sof snd_sof_utils snd_hda_ext_core snd_soc_acpi_intel_match intel_rapl_msr snd_soc_acpi_intel_sdca_quirks soundwire_generic_allocation intel_rapl_common snd_soc_sdw_utils snd_soc_acpi intel_uncore_frequency snd_hda_intel intel_uncore_frequency_common soundwire_bus iwlmld snd_hda_codec snd_soc_sdca x86_pkg_temp_thermal snd_soc_core snd_hda_core intel_powerclamp snd_intel_dspcfg snd_compress snd_intel_sdw_acpi mac80211
[168767.074075]  ac97_bus coretemp snd_hwdep snd_pcm_dmaengine snd_pcm cmdlinepart spi_nor nvidia_drm(O) snd_seq_midi kvm_intel snd_seq_midi_event nvidia_modeset(O) libarc4 mtd mei_gsc_proxy snd_rawmidi nvidia(O) kvm i915 snd_seq irqbypass snd_seq_device btusb btmtk snd_timer iwlwifi rapl btrtl drm_buddy btbcm intel_cstate wmi_bmof snd drm_ttm_helper btintel drm_display_helper i2c_i801 intel_pmc_core soundcore cfg80211 ttm spi_intel_pci cec bluetooth i2c_smbus crc8 spi_intel i2c_mux joydev rc_core mei_me i2c_algo_bit pmt_telemetry intel_vpu mei igen6_edac pmt_discovery pmt_class intel_pmc_ssram_telemetry intel_hid acpi_tad intel_vsec acpi_pad sparse_keymap input_leds mac_hid sch_fq_codel lp ppdev parport_pc parport msr efi_pstore nfnetlink dmi_sysfs autofs4 btrfs libblake2b xor raid6_pq hid_generic usbhid hid nvme nvme_core ghash_clmulni_intel nvme_keyring nvme_auth psmouse video hkdf serio_raw igc thunderbolt wmi pinctrl_meteorlake aesni_intel
[168767.074122] CPU: 6 UID: 1000 PID: 50452 Comm: cuda00001400006 Tainted: G           O        7.0.0-28-generic #28-Ubuntu PREEMPT(lazy) 
[168767.074124] Tainted: [O]=OOT_MODULE
[168767.074125] Hardware name: Micro Computer (HK) Tech Limited AI Series/ARBSC, BIOS 1.01 06/19/2025
[168767.074127] RIP: 0010:nvidia_dev_put_uuid+0x55/0x60 [nvidia]
[168767.074197] Code: de 4c 89 e7 e8 5c 76 14 00 85 c0 75 1d 48 8d bb 38 07 00 00 e8 3c 31 d2 cf 5b 41 5c 5d 31 c0 31 d2 31 f6 31 ff c3 cc cc cc cc <0f> 0b eb df 0f 1f 80 00 00 00 00 90 90 90 90 90 90 90 90 90 90 90
[168767.074198] RSP: 0018:ffffd2484f9af920 EFLAGS: 00010202
[168767.074200] RAX: 0000000000000026 RBX: ffff8cf064aa8000 RCX: 0000000000000000
[168767.074201] RDX: 0000000000000000 RSI: 0000000000000000 RDI: ffffd2484f9af860
[168767.074201] RBP: ffffd2484f9af930 R08: 0000000000000000 R09: 0000000000000000
[168767.074202] R10: 0000000000000000 R11: 0000000000000000 R12: 0000000000000000
[168767.074203] R13: ffffd24862c5d008 R14: ffff8cf16f5ec000 R15: 0000000000000000
[168767.074204] FS:  0000000000000000(0000) GS:ffff8cf80caff000(0000) knlGS:0000000000000000
[168767.074204] CS:  0010 DS: 0000 ES: 0000 CR0: 0000000080050033
[168767.074205] CR2: 0000653478893000 CR3: 0000000423844003 CR4: 0000000000f72ef0
[168767.074206] PKRU: 55555554
[168767.074207] Call Trace:
[168767.074209]  <TASK>
[168767.074212]  nvUvmInterfaceUnregisterGpu+0x2d/0x90 [nvidia]
[168767.074293]  uvm_gpu_release_locked+0x85/0x90 [nvidia_uvm]
[168767.074328]  uvm_va_space_destroy+0x611/0x7b0 [nvidia_uvm]
[168767.074357]  uvm_release.isra.0+0x84/0x190 [nvidia_uvm]
[168767.074381]  uvm_release_entry.part.0.isra.0+0xa5/0xd0 [nvidia_uvm]
[168767.074404]  uvm_release_entry+0x2e/0x40 [nvidia_uvm]
[168767.074427]  __fput+0xed/0x2d0
[168767.074431]  ____fput+0x15/0x20
[168767.074433]  task_work_run+0x62/0xa0
[168767.074435]  do_exit+0x21a/0x4b0
[168767.074438]  do_group_exit+0x2d/0xb0
[168767.074439]  get_signal+0x7f5/0x830
[168767.074441]  arch_do_signal_or_restart+0x36/0x110
[168767.074444]  exit_to_user_mode_loop+0x8f/0x540
[168767.074446]  do_syscall_64+0x22f/0x5a0
[168767.074449]  ? eventfd_read+0xd9/0x230
[168767.074452]  ? security_file_permission+0x5b/0x170
[168767.074455]  ? rw_verify_area+0x57/0x180
[168767.074457]  ? vfs_read+0x270/0x3a0
[168767.074458]  ? ksys_read+0xd4/0xf0
[168767.074460]  ? arch_exit_to_user_mode_prepare.isra.0+0xd/0xe0
[168767.074463]  ? do_syscall_64+0x140/0x5a0
[168767.074464]  ? arch_exit_to_user_mode_prepare.isra.0+0xd/0x100
[168767.074465]  ? irqentry_exit+0x97/0x6f0
[168767.074467]  ? exc_page_fault+0x94/0x1e0
[168767.074468]  entry_SYSCALL_64_after_hwframe+0x76/0x7e
[168767.074470] RIP: 0033:0x7894f7aaca82
[168767.074471] Code: Unable to access opcode bytes at 0x7894f7aaca58.
[168767.074472] RSP: 002b:00007894f21fc6a8 EFLAGS: 00000246 ORIG_RAX: 0000000000000007
[168767.074474] RAX: fffffffffffffdfc RBX: 0000000000000000 RCX: 00007894f7aaca82
[168767.074474] RDX: ffffffffffffffff RSI: 0000000000000003 RDI: 00005fcdc43ed940
[168767.074475] RBP: 00007894f21fc6d0 R08: 0000000000000000 R09: 0000000000000000
[168767.074475] R10: 0000000000000000 R11: 0000000000000246 R12: 0000000000000000
[168767.074476] R13: 00005fcdc43eb9d0 R14: 00005fcdc43ed940 R15: 00005fcdc43eb870
[168767.074479]  </TASK>
[168767.074480] ---[ end trace 0000000000000000 ]---
[168767.075231] NVRM: GPU0 nvAssertFailedNoLog: Assertion failed: (status == NV_OK) || (status == NV_ERR_GPU_IN_FULLCHIP_RESET) @ vaspace_api.c:573
[168767.075242] NVRM: GPU0 nvAssertFailedNoLog: Assertion failed: (status == NV_OK) || (status == NV_ERR_GPU_IN_FULLCHIP_RESET) @ vaspace_api.c:573
[168767.075247] NVRM: GPU0 nvAssertFailedNoLog: Assertion failed: (status == NV_OK) || (status == NV_ERR_GPU_IN_FULLCHIP_RESET) @ rs_client.c:844
[168767.075249] NVRM: nvAssertFailedNoLog: Assertion failed: (status == NV_OK) || (status == NV_ERR_GPU_IN_FULLCHIP_RESET) @ rs_server.c:259
[168767.075250] NVRM: nvAssertFailedNoLog: Assertion failed: (status == NV_OK) || (status == NV_ERR_GPU_IN_FULLCHIP_RESET) @ rs_server.c:1375
[168791.827976] drkonqi-coredum[50473]: segfault at 0 ip 00007a4858df5793 sp 00007ffcfd637df8 error 4 in libQt6Core.so.6.10.2[1f5793,7a4858cbe000+371000] likely on CPU 1 (core 4, socket 0)
[168791.827996] Code: c0 74 04 f0 83 00 01 c3 90 0f 1f 00 66 66 2e 0f 1f 84 00 00 00 00 00 f3 0f 1e fa 48 8b 05 c5 26 3e 00 48 83 e0 fc 48 89 47 18 <f3> 0f 6f 06 48 8b 56 10 66 48 0f 7e c0 0f 11 07 48 89 57 10 48 85
[168816.812482] drkonqi-coredum[50505]: segfault at 0 ip 000071fde8ff5793 sp 00007ffe9362a658 error 4 in libQt6Core.so.6.10.2[1f5793,71fde8ebe000+371000] likely on CPU 8 (core 10, socket 0)
[168816.812497] Code: c0 74 04 f0 83 00 01 c3 90 0f 1f 00 66 66 2e 0f 1f 84 00 00 00 00 00 f3 0f 1e fa 48 8b 05 c5 26 3e 00 48 83 e0 fc 48 89 47 18 <f3> 0f 6f 06 48 8b 56 10 66 48 0f 7e c0 0f 11 07 48 89 57 10 48 85
[168826.864666] drkonqi-coredum[50549]: segfault at 0 ip 000070c9345f5793 sp 00007ffdc698a0f8 error 4 in libQt6Core.so.6.10.2[1f5793,70c9344be000+371000] likely on CPU 0 (core 0, socket 0)
[168826.864682] Code: c0 74 04 f0 83 00 01 c3 90 0f 1f 00 66 66 2e 0f 1f 84 00 00 00 00 00 f3 0f 1e fa 48 8b 05 c5 26 3e 00 48 83 e0 fc 48 89 47 18 <f3> 0f 6f 06 48 8b 56 10 66 48 0f 7e c0 0f 11 07 48 89 57 10 48 85
[168851.828249] drkonqi-coredum[50573]: segfault at 0 ip 0000770aa19f5793 sp 00007ffefd4cab08 error 4 in libQt6Core.so.6.10.2[1f5793,770aa18be000+371000] likely on CPU 0 (core 0, socket 0)
[168851.828269] Code: c0 74 04 f0 83 00 01 c3 90 0f 1f 00 66 66 2e 0f 1f 84 00 00 00 00 00 f3 0f 1e fa 48 8b 05 c5 26 3e 00 48 83 e0 fc 48 89 47 18 <f3> 0f 6f 06 48 8b 56 10 66 48 0f 7e c0 0f 11 07 48 89 57 10 48 85
[168876.820557] drkonqi-coredum[50600]: segfault at 0 ip 00007836e67f5793 sp 00007ffde18f4168 error 4 in libQt6Core.so.6.10.2[1f5793,7836e66be000+371000] likely on CPU 8 (core 10, socket 0)
[168876.820571] Code: c0 74 04 f0 83 00 01 c3 90 0f 1f 00 66 66 2e 0f 1f 84 00 00 00 00 00 f3 0f 1e fa 48 8b 05 c5 26 3e 00 48 83 e0 fc 48 89 47 18 <f3> 0f 6f 06 48 8b 56 10 66 48 0f 7e c0 0f 11 07 48 89 57 10 48 85
[168886.806811] drkonqi-coredum[50622]: segfault at 0 ip 00007643731f5793 sp 00007ffde65b69a8 error 4 in libQt6Core.so.6.10.2[1f5793,7643730be000+371000] likely on CPU 8 (core 10, socket 0)
[168886.806823] Code: c0 74 04 f0 83 00 01 c3 90 0f 1f 00 66 66 2e 0f 1f 84 00 00 00 00 00 f3 0f 1e fa 48 8b 05 c5 26 3e 00 48 83 e0 fc 48 89 47 18 <f3> 0f 6f 06 48 8b 56 10 66 48 0f 7e c0 0f 11 07 48 89 57 10 48 85
[168911.819682] drkonqi-coredum[50645]: segfault at 0 ip 000072d5b11f5793 sp 00007ffeb78e3ae8 error 4 in libQt6Core.so.6.10.2[1f5793,72d5b10be000+371000] likely on CPU 13 (core 15, socket 0)
[168911.819695] Code: c0 74 04 f0 83 00 01 c3 90 0f 1f 00 66 66 2e 0f 1f 84 00 00 00 00 00 f3 0f 1e fa 48 8b 05 c5 26 3e 00 48 83 e0 fc 48 89 47 18 <f3> 0f 6f 06 48 8b 56 10 66 48 0f 7e c0 0f 11 07 48 89 57 10 48 85
[168936.828067] drkonqi-coredum[50670]: segfault at 0 ip 0000784930ff5793 sp 00007fff9df44478 error 4 in libQt6Core.so.6.10.2[1f5793,784930ebe000+371000] likely on CPU 11 (core 13, socket 0)
[168936.828082] Code: c0 74 04 f0 83 00 01 c3 90 0f 1f 00 66 66 2e 0f 1f 84 00 00 00 00 00 f3 0f 1e fa 48 8b 05 c5 26 3e 00 48 83 e0 fc 48 89 47 18 <f3> 0f 6f 06 48 8b 56 10 66 48 0f 7e c0 0f 11 07 48 89 57 10 48 85
[168946.865970] drkonqi-coredum[50692]: segfault at 0 ip 00007aefb61f5793 sp 00007ffdade18628 error 4 in libQt6Core.so.6.10.2[1f5793,7aefb60be000+371000] likely on CPU 13 (core 15, socket 0)
[168946.865981] Code: c0 74 04 f0 83 00 01 c3 90 0f 1f 00 66 66 2e 0f 1f 84 00 00 00 00 00 f3 0f 1e fa 48 8b 05 c5 26 3e 00 48 83 e0 fc 48 89 47 18 <f3> 0f 6f 06 48 8b 56 10 66 48 0f 7e c0 0f 11 07 48 89 57 10 48 85
[168971.828768] drkonqi-coredum[50715]: segfault at 0 ip 00007f8dfcff5793 sp 00007ffe4e1b26c8 error 4 in libQt6Core.so.6.10.2[1f5793,7f8dfcebe000+371000] likely on CPU 3 (core 20, socket 0)
[168971.828790] Code: c0 74 04 f0 83 00 01 c3 90 0f 1f 00 66 66 2e 0f 1f 84 00 00 00 00 00 f3 0f 1e fa 48 8b 05 c5 26 3e 00 48 83 e0 fc 48 89 47 18 <f3> 0f 6f 06 48 8b 56 10 66 48 0f 7e c0 0f 11 07 48 89 57 10 48 85
[168996.806412] drkonqi-coredum[50739]: segfault at 0 ip 00007a256fbf5793 sp 00007fffe8ec5198 error 4 in libQt6Core.so.6.10.2[1f5793,7a256fabe000+371000] likely on CPU 0 (core 0, socket 0)
[168996.806431] Code: c0 74 04 f0 83 00 01 c3 90 0f 1f 00 66 66 2e 0f 1f 84 00 00 00 00 00 f3 0f 1e fa 48 8b 05 c5 26 3e 00 48 83 e0 fc 48 89 47 18 <f3> 0f 6f 06 48 8b 56 10 66 48 0f 7e c0 0f 11 07 48 89 57 10 48 85
[169006.819004] drkonqi-coredum[50761]: segfault at 0 ip 0000742f129f5793 sp 00007ffdb9707f48 error 4 in libQt6Core.so.6.10.2[1f5793,742f128be000+371000] likely on CPU 11 (core 13, socket 0)
[169006.819015] Code: c0 74 04 f0 83 00 01 c3 90 0f 1f 00 66 66 2e 0f 1f 84 00 00 00 00 00 f3 0f 1e fa 48 8b 05 c5 26 3e 00 48 83 e0 fc 48 89 47 18 <f3> 0f 6f 06 48 8b 56 10 66 48 0f 7e c0 0f 11 07 48 89 57 10 48 85
[169031.828948] drkonqi-coredum[50788]: segfault at 0 ip 000075d5f25f5793 sp 00007ffd1d287778 error 4 in libQt6Core.so.6.10.2[1f5793,75d5f24be000+371000] likely on CPU 12 (core 14, socket 0)
[169031.828964] Code: c0 74 04 f0 83 00 01 c3 90 0f 1f 00 66 66 2e 0f 1f 84 00 00 00 00 00 f3 0f 1e fa 48 8b 05 c5 26 3e 00 48 83 e0 fc 48 89 47 18 <f3> 0f 6f 06 48 8b 56 10 66 48 0f 7e c0 0f 11 07 48 89 57 10 48 85
[169056.813709] drkonqi-coredum[50814]: segfault at 0 ip 00007eabbcff5793 sp 00007ffe59d107c8 error 4 in libQt6Core.so.6.10.2[1f5793,7eabbcebe000+371000] likely on CPU 13 (core 15, socket 0)
[169056.813723] Code: c0 74 04 f0 83 00 01 c3 90 0f 1f 00 66 66 2e 0f 1f 84 00 00 00 00 00 f3 0f 1e fa 48 8b 05 c5 26 3e 00 48 83 e0 fc 48 89 47 18 <f3> 0f 6f 06 48 8b 56 10 66 48 0f 7e c0 0f 11 07 48 89 57 10 48 85
[169066.831326] drkonqi-coredum[50875]: segfault at 0 ip 000079e7383f5793 sp 00007ffc323d6508 error 4 in libQt6Core.so.6.10.2[1f5793,79e7382be000+371000] likely on CPU 9 (core 11, socket 0)
[169066.831338] Code: c0 74 04 f0 83 00 01 c3 90 0f 1f 00 66 66 2e 0f 1f 84 00 00 00 00 00 f3 0f 1e fa 48 8b 05 c5 26 3e 00 48 83 e0 fc 48 89 47 18 <f3> 0f 6f 06 48 8b 56 10 66 48 0f 7e c0 0f 11 07 48 89 57 10 48 85
[169091.807643] drkonqi-coredum[50895]: segfault at 0 ip 0000771abbbf5793 sp 00007fff6db9dac8 error 4 in libQt6Core.so.6.10.2[1f5793,771abbabe000+371000] likely on CPU 10 (core 12, socket 0)
[169091.807657] Code: c0 74 04 f0 83 00 01 c3 90 0f 1f 00 66 66 2e 0f 1f 84 00 00 00 00 00 f3 0f 1e fa 48 8b 05 c5 26 3e 00 48 83 e0 fc 48 89 47 18 <f3> 0f 6f 06 48 8b 56 10 66 48 0f 7e c0 0f 11 07 48 89 57 10 48 85
[169091.933487] pooltest[51011]: segfault at 7ad2c61345f8 ip 00005fabf928ca4c sp 00007ffd85cb1fd0 error 7 in pooltest[aa4c,5fabf928c000+7b000] likely on CPU 9 (core 11, socket 0)
[169091.933497] Code: 27 08 00 66 0f 6f 1d 23 27 08 00 66 0f 6f 15 2b 27 08 00 48 8d 50 40 66 0f 6f c1 48 83 c0 10 66 0f fe cb 66 0f fe c2 0f 5b c0 <0f> 11 40 f0 48 39 c2 75 e4 48 8b 44 24 20 45 31 c9 45 31 c0 b9 01
[169113.038501] triv[51119]: segfault at c4 ip 0000636b6d6a4ac4 sp 00007ffedcc06f10 error 4 in triv[aac4,636b6d6a4000+7b000] likely on CPU 13 (core 15, socket 0)
[169113.038512] Code: 48 8d 35 87 a5 07 00 bf 02 00 00 00 48 89 c2 31 c0 e8 10 fc ff ff 48 8b 04 24 66 0f ef c0 48 8d 35 73 a5 07 00 bf 02 00 00 00 <f3> 0f 5a 40 14 b8 01 00 00 00 e8 ed fb ff ff 48 8b 44 24 28 64 48
[169116.806264] drkonqi-coredum[51037]: segfault at 0 ip 00007c56b01f5793 sp 00007ffdd450df78 error 4 in libQt6Core.so.6.10.2[1f5793,7c56b00be000+371000] likely on CPU 0 (core 0, socket 0)
[169116.806283] Code: c0 74 04 f0 83 00 01 c3 90 0f 1f 00 66 66 2e 0f 1f 84 00 00 00 00 00 f3 0f 1e fa 48 8b 05 c5 26 3e 00 48 83 e0 fc 48 89 47 18 <f3> 0f 6f 06 48 8b 56 10 66 48 0f 7e c0 0f 11 07 48 89 57 10 48 85
[169116.828657] drkonqi-coredum[51039]: segfault at 0 ip 0000775af63f5793 sp 00007ffda2f0bfc8 error 4 in libQt6Core.so.6.10.2[1f5793,775af62be000+371000] likely on CPU 13 (core 15, socket 0)
[169116.828667] Code: c0 74 04 f0 83 00 01 c3 90 0f 1f 00 66 66 2e 0f 1f 84 00 00 00 00 00 f3 0f 1e fa 48 8b 05 c5 26 3e 00 48 83 e0 fc 48 89 47 18 <f3> 0f 6f 06 48 8b 56 10 66 48 0f 7e c0 0f 11 07 48 89 57 10 48 85
[169126.837871] drkonqi-coredum[51132]: segfault at 0 ip 00007cb4199f5793 sp 00007ffed2b8e908 error 4 in libQt6Core.so.6.10.2[1f5793,7cb4198be000+371000] likely on CPU 8 (core 10, socket 0)
[169126.837882] Code: c0 74 04 f0 83 00 01 c3 90 0f 1f 00 66 66 2e 0f 1f 84 00 00 00 00 00 f3 0f 1e fa 48 8b 05 c5 26 3e 00 48 83 e0 fc 48 89 47 18 <f3> 0f 6f 06 48 8b 56 10 66 48 0f 7e c0 0f 11 07 48 89 57 10 48 85
[169126.837916] drkonqi-coredum[51167]: segfault at 0 ip 00007937f7bf5793 sp 00007ffdb5dfd668 error 4 in libQt6Core.so.6.10.2[1f5793,7937f7abe000+371000] likely on CPU 7 (core 9, socket 0)
[169126.837922] Code: c0 74 04 f0 83 00 01 c3 90 0f 1f 00 66 66 2e 0f 1f 84 00 00 00 00 00 f3 0f 1e fa 48 8b 05 c5 26 3e 00 48 83 e0 fc 48 89 47 18 <f3> 0f 6f 06 48 8b 56 10 66 48 0f 7e c0 0f 11 07 48 89 57 10 48 85
[169126.838094] drkonqi-coredum[51168]: segfault at 0 ip 00007a0c1edf5793 sp 00007fff81219408 error 4 in libQt6Core.so.6.10.2[1f5793,7a0c1ecbe000+371000] likely on CPU 3 (core 20, socket 0)
[169126.838108] Code: c0 74 04 f0 83 00 01 c3 90 0f 1f 00 66 66 2e 0f 1f 84 00 00 00 00 00 f3 0f 1e fa 48 8b 05 c5 26 3e 00 48 83 e0 fc 48 89 47 18 <f3> 0f 6f 06 48 8b 56 10 66 48 0f 7e c0 0f 11 07 48 89 57 10 48 85
[169151.808526] drkonqi-coredum[51223]: segfault at 0 ip 000075e61bbf5793 sp 00007ffd8f410c98 error 4 in libQt6Core.so.6.10.2[1f5793,75e61babe000+371000] likely on CPU 0 (core 0, socket 0)
[169151.808551] Code: c0 74 04 f0 83 00 01 c3 90 0f 1f 00 66 66 2e 0f 1f 84 00 00 00 00 00 f3 0f 1e fa 48 8b 05 c5 26 3e 00 48 83 e0 fc 48 89 47 18 <f3> 0f 6f 06 48 8b 56 10 66 48 0f 7e c0 0f 11 07 48 89 57 10 48 85
[169151.829419] drkonqi-coredum[51222]: segfault at 0 ip 00007fa5a89f5793 sp 00007ffda37f5118 error 4 in libQt6Core.so.6.10.2[1f5793,7fa5a88be000+371000] likely on CPU 6 (core 8, socket 0)
[169151.829430] Code: c0 74 04 f0 83 00 01 c3 90 0f 1f 00 66 66 2e 0f 1f 84 00 00 00 00 00 f3 0f 1e fa 48 8b 05 c5 26 3e 00 48 83 e0 fc 48 89 47 18 <f3> 0f 6f 06 48 8b 56 10 66 48 0f 7e c0 0f 11 07 48 89 57 10 48 85
[169176.814134] drkonqi-coredum[51274]: segfault at 0 ip 00007712f57f5793 sp 00007ffe53e8a588 error 4 in libQt6Core.so.6.10.2[1f5793,7712f56be000+371000] likely on CPU 4 (core 24, socket 0)
[169176.814153] Code: c0 74 04 f0 83 00 01 c3 90 0f 1f 00 66 66 2e 0f 1f 84 00 00 00 00 00 f3 0f 1e fa 48 8b 05 c5 26 3e 00 48 83 e0 fc 48 89 47 18 <f3> 0f 6f 06 48 8b 56 10 66 48 0f 7e c0 0f 11 07 48 89 57 10 48 85
[169176.829256] drkonqi-coredum[51275]: segfault at 0 ip 00007a58cedf5793 sp 00007ffeb8a38518 error 4 in libQt6Core.so.6.10.2[1f5793,7a58cecbe000+371000] likely on CPU 2 (core 16, socket 0)
[169176.829273] Code: c0 74 04 f0 83 00 01 c3 90 0f 1f 00 66 66 2e 0f 1f 84 00 00 00 00 00 f3 0f 1e fa 48 8b 05 c5 26 3e 00 48 83 e0 fc 48 89 47 18 <f3> 0f 6f 06 48 8b 56 10 66 48 0f 7e c0 0f 11 07 48 89 57 10 48 85
[169186.866398] drkonqi-coredum[51312]: segfault at 0 ip 00007492927f5793 sp 00007ffea918d278 error 4 in libQt6Core.so.6.10.2[1f5793,7492926be000+371000] likely on CPU 7 (core 9, socket 0)
[169186.866410] Code: c0 74 04 f0 83 00 01 c3 90 0f 1f 00 66 66 2e 0f 1f 84 00 00 00 00 00 f3 0f 1e fa 48 8b 05 c5 26 3e 00 48 83 e0 fc 48 89 47 18 <f3> 0f 6f 06 48 8b 56 10 66 48 0f 7e c0 0f 11 07 48 89 57 10 48 85
[169186.866409] drkonqi-coredum[51311]: segfault at 0 ip 00007087337f5793 sp 00007ffe3c778fd8 error 4 in libQt6Core.so.6.10.2[1f5793,7087336be000+371000] likely on CPU 2 (core 16, socket 0)
[169186.866424] Code: c0 74 04 f0 83 00 01 c3 90 0f 1f 00 66 66 2e 0f 1f 84 00 00 00 00 00 f3 0f 1e fa 48 8b 05 c5 26 3e 00 48 83 e0 fc 48 89 47 18 <f3> 0f 6f 06 48 8b 56 10 66 48 0f 7e c0 0f 11 07 48 89 57 10 48 85
[169211.829743] drkonqi-coredum[51356]: segfault at 0 ip 00007595fe1f5793 sp 00007ffd34038168 error 4 in libQt6Core.so.6.10.2[1f5793,7595fe0be000+371000] likely on CPU 7 (core 9, socket 0)
[169211.829755] Code: c0 74 04 f0 83 00 01 c3 90 0f 1f 00 66 66 2e 0f 1f 84 00 00 00 00 00 f3 0f 1e fa 48 8b 05 c5 26 3e 00 48 83 e0 fc 48 89 47 18 <f3> 0f 6f 06 48 8b 56 10 66 48 0f 7e c0 0f 11 07 48 89 57 10 48 85
[169211.829810] drkonqi-coredum[51357]: segfault at 0 ip 00007803109f5793 sp 00007ffc6289f188 error 4 in libQt6Core.so.6.10.2[1f5793,7803108be000+371000] likely on CPU 3 (core 20, socket 0)
[169211.829824] Code: c0 74 04 f0 83 00 01 c3 90 0f 1f 00 66 66 2e 0f 1f 84 00 00 00 00 00 f3 0f 1e fa 48 8b 05 c5 26 3e 00 48 83 e0 fc 48 89 47 18 <f3> 0f 6f 06 48 8b 56 10 66 48 0f 7e c0 0f 11 07 48 89 57 10 48 85
[169236.829811] drkonqi-coredum[51423]: segfault at 0 ip 00007edd571f5793 sp 00007ffe88932738 error 4 in libQt6Core.so.6.10.2[1f5793,7edd570be000+371000] likely on CPU 13 (core 15, socket 0)
[169236.829826] Code: c0 74 04 f0 83 00 01 c3 90 0f 1f 00 66 66 2e 0f 1f 84 00 00 00 00 00 f3 0f 1e fa 48 8b 05 c5 26 3e 00 48 83 e0 fc 48 89 47 18 <f3> 0f 6f 06 48 8b 56 10 66 48 0f 7e c0 0f 11 07 48 89 57 10 48 85
[169236.829869] drkonqi-coredum[51424]: segfault at 0 ip 000074ecf5bf5793 sp 00007ffdba29d898 error 4 in libQt6Core.so.6.10.2[1f5793,74ecf5abe000+371000] likely on CPU 5 (core 28, socket 0)
[169236.829913] Code: c0 74 04 f0 83 00 01 c3 90 0f 1f 00 66 66 2e 0f 1f 84 00 00 00 00 00 f3 0f 1e fa 48 8b 05 c5 26 3e 00 48 83 e0 fc 48 89 47 18 <f3> 0f 6f 06 48 8b 56 10 66 48 0f 7e c0 0f 11 07 48 89 57 10 48 85
[169246.866562] drkonqi-coredum[51464]: segfault at 0 ip 0000724a987f5793 sp 00007ffef8371ca8 error 4 in libQt6Core.so.6.10.2[1f5793,724a986be000+371000] likely on CPU 7 (core 9, socket 0)
[169246.866574] Code: c0 74 04 f0 83 00 01 c3 90 0f 1f 00 66 66 2e 0f 1f 84 00 00 00 00 00 f3 0f 1e fa 48 8b 05 c5 26 3e 00 48 83 e0 fc 48 89 47 18 <f3> 0f 6f 06 48 8b 56 10 66 48 0f 7e c0 0f 11 07 48 89 57 10 48 85
[169246.866577] drkonqi-coredum[51463]: segfault at 0 ip 000073bd725f5793 sp 00007fff4e0bf618 error 4 in libQt6Core.so.6.10.2[1f5793,73bd724be000+371000] likely on CPU 11 (core 13, socket 0)
[169246.866584] Code: c0 74 04 f0 83 00 01 c3 90 0f 1f 00 66 66 2e 0f 1f 84 00 00 00 00 00 f3 0f 1e fa 48 8b 05 c5 26 3e 00 48 83 e0 fc 48 89 47 18 <f3> 0f 6f 06 48 8b 56 10 66 48 0f 7e c0 0f 11 07 48 89 57 10 48 85
[169271.828625] drkonqi-coredum[51512]: segfault at 0 ip 000075fc539f5793 sp 00007ffc84007428 error 4 in libQt6Core.so.6.10.2[1f5793,75fc538be000+371000] likely on CPU 3 (core 20, socket 0)
[169271.828645] Code: c0 74 04 f0 83 00 01 c3 90 0f 1f 00 66 66 2e 0f 1f 84 00 00 00 00 00 f3 0f 1e fa 48 8b 05 c5 26 3e 00 48 83 e0 fc 48 89 47 18 <f3> 0f 6f 06 48 8b 56 10 66 48 0f 7e c0 0f 11 07 48 89 57 10 48 85
[169271.829889] drkonqi-coredum[51513]: segfault at 0 ip 000076e66fbf5793 sp 00007ffd7bea9778 error 4 in libQt6Core.so.6.10.2[1f5793,76e66fabe000+371000] likely on CPU 8 (core 10, socket 0)
[169271.829896] Code: c0 74 04 f0 83 00 01 c3 90 0f 1f 00 66 66 2e 0f 1f 84 00 00 00 00 00 f3 0f 1e fa 48 8b 05 c5 26 3e 00 48 83 e0 fc 48 89 47 18 <f3> 0f 6f 06 48 8b 56 10 66 48 0f 7e c0 0f 11 07 48 89 57 10 48 85
[169296.829499] drkonqi-coredum[51552]: segfault at 0 ip 00007b72271f5793 sp 00007fff4749efb8 error 4 in libQt6Core.so.6.10.2[1f5793,7b72270be000+371000] likely on CPU 4 (core 24, socket 0)
[169296.829519] Code: c0 74 04 f0 83 00 01 c3 90 0f 1f 00 66 66 2e 0f 1f 84 00 00 00 00 00 f3 0f 1e fa 48 8b 05 c5 26 3e 00 48 83 e0 fc 48 89 47 18 <f3> 0f 6f 06 48 8b 56 10 66 48 0f 7e c0 0f 11 07 48 89 57 10 48 85
[169296.829583] drkonqi-coredum[51551]: segfault at 0 ip 00007cc24e7f5793 sp 00007ffe7f558cb8 error 4 in libQt6Core.so.6.10.2[1f5793,7cc24e6be000+371000] likely on CPU 7 (core 9, socket 0)
[169296.829590] Code: c0 74 04 f0 83 00 01 c3 90 0f 1f 00 66 66 2e 0f 1f 84 00 00 00 00 00 f3 0f 1e fa 48 8b 05 c5 26 3e 00 48 83 e0 fc 48 89 47 18 <f3> 0f 6f 06 48 8b 56 10 66 48 0f 7e c0 0f 11 07 48 89 57 10 48 85
[169306.866258] drkonqi-coredum[51592]: segfault at 0 ip 0000762e81ff5793 sp 00007ffe7b4d7188 error 4 in libQt6Core.so.6.10.2[1f5793,762e81ebe000+371000] likely on CPU 10 (core 12, socket 0)
[169306.866269] Code: c0 74 04 f0 83 00 01 c3 90 0f 1f 00 66 66 2e 0f 1f 84 00 00 00 00 00 f3 0f 1e fa 48 8b 05 c5 26 3e 00 48 83 e0 fc 48 89 47 18 <f3> 0f 6f 06 48 8b 56 10 66 48 0f 7e c0 0f 11 07 48 89 57 10 48 85
[169306.866508] drkonqi-coredum[51593]: segfault at 0 ip 000076e7ff9f5793 sp 00007ffd108abc38 error 4 in libQt6Core.so.6.10.2[1f5793,76e7ff8be000+371000] likely on CPU 12 (core 14, socket 0)
[169306.866514] Code: c0 74 04 f0 83 00 01 c3 90 0f 1f 00 66 66 2e 0f 1f 84 00 00 00 00 00 f3 0f 1e fa 48 8b 05 c5 26 3e 00 48 83 e0 fc 48 89 47 18 <f3> 0f 6f 06 48 8b 56 10 66 48 0f 7e c0 0f 11 07 48 89 57 10 48 85
[169331.809208] drkonqi-coredum[51636]: segfault at 0 ip 000077874e5f5793 sp 00007ffe28507ca8 error 4
[169331.809208] drkonqi-coredum[51635]: segfault at 0 ip 00007ea0c43f5793 sp 00007ffdd171dd28 error 4 in libQt6Core.so.6.10.2[1f5793,7ea0c42be000+371000]
[169331.809218]  in libQt6Core.so.6.10.2[1f5793,77874e4be000+371000] likely on CPU 7 (core 9, socket 0)
[169331.809221]  likely on CPU 13 (core 15, socket 0)


[169331.809223] Code: c0 74 04 f0 83 00 01 c3 90 0f 1f 00 66 66 2e 0f 1f 84 00 00 00 00 00 f3 0f 1e fa 48 8b 05 c5 26 3e 00 48 83 e0 fc 48 89 47 18 <f3> 0f 6f 06 48 8b 56 10 66 48 0f 7e c0 0f 11 07 48 89 57 10 48 85
[169331.809223] Code: c0 74 04 f0 83 00 01 c3 90 0f 1f 00 66 66 2e 0f 1f 84 00 00 00 00 00 f3 0f 1e fa 48 8b 05 c5 26 3e 00 48 83 e0 fc 48 89 47 18 <f3> 0f 6f 06 48 8b 56 10 66 48 0f 7e c0 0f 11 07 48 89 57 10 48 85
[169356.830050] drkonqi-coredum[51680]: segfault at 0 ip 00007558d19f5793 sp 00007ffc162bca88 error 4
[169356.830053] drkonqi-coredum[51681]: segfault at 0 ip 0000725704df5793 sp 00007ffe6a979318 error 4
[169356.830060]  in libQt6Core.so.6.10.2[1f5793,7558d18be000+371000] likely on CPU 9 (core 11, socket 0)
[169356.830063]  in libQt6Core.so.6.10.2[1f5793,725704cbe000+371000]
[169356.830064] Code: c0 74 04 f0 83 00 01 c3 90 0f 1f 00 66 66 2e 0f 1f 84 00 00 00 00 00 f3 0f 1e fa 48 8b 05 c5 26 3e 00 48 83 e0 fc 48 89 47 18 <f3> 0f 6f 06 48 8b 56 10 66 48 0f 7e c0 0f 11 07 48 89 57 10 48 85
[169356.830067]  likely on CPU 4 (core 24, socket 0)
[169356.830071] Code: c0 74 04 f0 83 00 01 c3 90 0f 1f 00 66 66 2e 0f 1f 84 00 00 00 00 00 f3 0f 1e fa 48 8b 05 c5 26 3e 00 48 83 e0 fc 48 89 47 18 <f3> 0f 6f 06 48 8b 56 10 66 48 0f 7e c0 0f 11 07 48 89 57 10 48 85
[169366.821121] drkonqi-coredum[51724]: segfault at 0 ip 000079d1bf9f5793 sp 00007fffc2393968 error 4 in libQt6Core.so.6.10.2[1f5793,79d1bf8be000+371000] likely on CPU 12 (core 14, socket 0)
[169366.821133] Code: c0 74 04 f0 83 00 01 c3 90 0f 1f 00 66 66 2e 0f 1f 84 00 00 00 00 00 f3 0f 1e fa 48 8b 05 c5 26 3e 00 48 83 e0 fc 48 89 47 18 <f3> 0f 6f 06 48 8b 56 10 66 48 0f 7e c0 0f 11 07 48 89 57 10 48 85
[169391.829857] drkonqi-coredum[51752]: segfault at 0 ip 00007d51081f5793 sp 00007fff8e887558 error 4 in libQt6Core.so.6.10.2[1f5793,7d51080be000+371000] likely on CPU 3 (core 20, socket 0)
[169391.829878] Code: c0 74 04 f0 83 00 01 c3 90 0f 1f 00 66 66 2e 0f 1f 84 00 00 00 00 00 f3 0f 1e fa 48 8b 05 c5 26 3e 00 48 83 e0 fc 48 89 47 18 <f3> 0f 6f 06 48 8b 56 10 66 48 0f 7e c0 0f 11 07 48 89 57 10 48 85
[169416.830822] drkonqi-coredum[51782]: segfault at 0 ip 000077bd109f5793 sp 00007ffcfa61aba8 error 4 in libQt6Core.so.6.10.2[1f5793,77bd108be000+371000] likely on CPU 1 (core 4, socket 0)
[169416.830841] Code: c0 74 04 f0 83 00 01 c3 90 0f 1f 00 66 66 2e 0f 1f 84 00 00 00 00 00 f3 0f 1e fa 48 8b 05 c5 26 3e 00 48 83 e0 fc 48 89 47 18 <f3> 0f 6f 06 48 8b 56 10 66 48 0f 7e c0 0f 11 07 48 89 57 10 48 85
[169426.867274] drkonqi-coredum[51807]: segfault at 0 ip 0000782845df5793 sp 00007ffe7cd049d8 error 4 in libQt6Core.so.6.10.2[1f5793,782845cbe000+371000] likely on CPU 13 (core 15, socket 0)
[169426.867285] Code: c0 74 04 f0 83 00 01 c3 90 0f 1f 00 66 66 2e 0f 1f 84 00 00 00 00 00 f3 0f 1e fa 48 8b 05 c5 26 3e 00 48 83 e0 fc 48 89 47 18 <f3> 0f 6f 06 48 8b 56 10 66 48 0f 7e c0 0f 11 07 48 89 57 10 48 85
[169451.812354] drkonqi-coredum[51832]: segfault at 0 ip 00007ac69d3f5793 sp 00007ffc6c31f258 error 4 in libQt6Core.so.6.10.2[1f5793,7ac69d2be000+371000] likely on CPU 11 (core 13, socket 0)
[169451.812369] Code: c0 74 04 f0 83 00 01 c3 90 0f 1f 00 66 66 2e 0f 1f 84 00 00 00 00 00 f3 0f 1e fa 48 8b 05 c5 26 3e 00 48 83 e0 fc 48 89 47 18 <f3> 0f 6f 06 48 8b 56 10 66 48 0f 7e c0 0f 11 07 48 89 57 10 48 85
[169476.830241] drkonqi-coredum[51856]: segfault at 0 ip 000079010c5f5793 sp 00007ffc03fad7f8 error 4 in libQt6Core.so.6.10.2[1f5793,79010c4be000+371000] likely on CPU 8 (core 10, socket 0)
[169476.830255] Code: c0 74 04 f0 83 00 01 c3 90 0f 1f 00 66 66 2e 0f 1f 84 00 00 00 00 00 f3 0f 1e fa 48 8b 05 c5 26 3e 00 48 83 e0 fc 48 89 47 18 <f3> 0f 6f 06 48 8b 56 10 66 48 0f 7e c0 0f 11 07 48 89 57 10 48 85
[169486.868148] drkonqi-coredum[51910]: segfault at 0 ip 00007027f73f5793 sp 00007ffc72b5e588 error 4 in libQt6Core.so.6.10.2[1f5793,7027f72be000+371000] likely on CPU 8 (core 10, socket 0)
[169486.868160] Code: c0 74 04 f0 83 00 01 c3 90 0f 1f 00 66 66 2e 0f 1f 84 00 00 00 00 00 f3 0f 1e fa 48 8b 05 c5 26 3e 00 48 83 e0 fc 48 89 47 18 <f3> 0f 6f 06 48 8b 56 10 66 48 0f 7e c0 0f 11 07 48 89 57 10 48 85
[169511.831176] drkonqi-coredum[51955]: segfault at 0 ip 0000750d5b5f5793 sp 00007fff4e6bd7b8 error 4 in libQt6Core.so.6.10.2[1f5793,750d5b4be000+371000] likely on CPU 12 (core 14, socket 0)
[169511.831198] Code: c0 74 04 f0 83 00 01 c3 90 0f 1f 00 66 66 2e 0f 1f 84 00 00 00 00 00 f3 0f 1e fa 48 8b 05 c5 26 3e 00 48 83 e0 fc 48 89 47 18 <f3> 0f 6f 06 48 8b 56 10 66 48 0f 7e c0 0f 11 07 48 89 57 10 48 85
[169536.831656] drkonqi-coredum[51980]: segfault at 0 ip 00007099b89f5793 sp 00007ffdaaa2a318 error 4 in libQt6Core.so.6.10.2[1f5793,7099b88be000+371000] likely on CPU 7 (core 9, socket 0)
[169536.831671] Code: c0 74 04 f0 83 00 01 c3 90 0f 1f 00 66 66 2e 0f 1f 84 00 00 00 00 00 f3 0f 1e fa 48 8b 05 c5 26 3e 00 48 83 e0 fc 48 89 47 18 <f3> 0f 6f 06 48 8b 56 10 66 48 0f 7e c0 0f 11 07 48 89 57 10 48 85
[169546.868235] drkonqi-coredum[52001]: segfault at 0 ip 00007479f3bf5793 sp 00007ffd78c26128 error 4 in libQt6Core.so.6.10.2[1f5793,7479f3abe000+371000] likely on CPU 13 (core 15, socket 0)
[169546.868247] Code: c0 74 04 f0 83 00 01 c3 90 0f 1f 00 66 66 2e 0f 1f 84 00 00 00 00 00 f3 0f 1e fa 48 8b 05 c5 26 3e 00 48 83 e0 fc 48 89 47 18 <f3> 0f 6f 06 48 8b 56 10 66 48 0f 7e c0 0f 11 07 48 89 57 10 48 85
[169571.831924] drkonqi-coredum[52023]: segfault at 0 ip 0000710d5cff5793 sp 00007ffe44443fb8 error 4 in libQt6Core.so.6.10.2[1f5793,710d5cebe000+371000] likely on CPU 10 (core 12, socket 0)
[169571.831939] Code: c0 74 04 f0 83 00 01 c3 90 0f 1f 00 66 66 2e 0f 1f 84 00 00 00 00 00 f3 0f 1e fa 48 8b 05 c5 26 3e 00 48 83 e0 fc 48 89 47 18 <f3> 0f 6f 06 48 8b 56 10 66 48 0f 7e c0 0f 11 07 48 89 57 10 48 85
[169596.809175] drkonqi-coredum[52047]: segfault at 0 ip 0000727f3f3f5793 sp 00007ffdd2fc37e8 error 4 in libQt6Core.so.6.10.2[1f5793,727f3f2be000+371000] likely on CPU 3 (core 20, socket 0)
[169596.809195] Code: c0 74 04 f0 83 00 01 c3 90 0f 1f 00 66 66 2e 0f 1f 84 00 00 00 00 00 f3 0f 1e fa 48 8b 05 c5 26 3e 00 48 83 e0 fc 48 89 47 18 <f3> 0f 6f 06 48 8b 56 10 66 48 0f 7e c0 0f 11 07 48 89 57 10 48 85
[169606.868351] drkonqi-coredum[52069]: segfault at 0 ip 00007e18d05f5793 sp 00007ffdfde4b828 error 4 in libQt6Core.so.6.10.2[1f5793,7e18d04be000+371000] likely on CPU 7 (core 9, socket 0)
[169606.868363] Code: c0 74 04 f0 83 00 01 c3 90 0f 1f 00 66 66 2e 0f 1f 84 00 00 00 00 00 f3 0f 1e fa 48 8b 05 c5 26 3e 00 48 83 e0 fc 48 89 47 18 <f3> 0f 6f 06 48 8b 56 10 66 48 0f 7e c0 0f 11 07 48 89 57 10 48 85
[169631.828744] drkonqi-coredum[52091]: segfault at 0 ip 000076343d9f5793 sp 00007ffd2daab5a8 error 4 in libQt6Core.so.6.10.2[1f5793,76343d8be000+371000] likely on CPU 8 (core 10, socket 0)
[169631.828758] Code: c0 74 04 f0 83 00 01 c3 90 0f 1f 00 66 66 2e 0f 1f 84 00 00 00 00 00 f3 0f 1e fa 48 8b 05 c5 26 3e 00 48 83 e0 fc 48 89 47 18 <f3> 0f 6f 06 48 8b 56 10 66 48 0f 7e c0 0f 11 07 48 89 57 10 48 85
[169656.832148] drkonqi-coredum[52118]: segfault at 0 ip 00007f82f49f5793 sp 00007ffcaf66fbc8 error 4 in libQt6Core.so.6.10.2[1f5793,7f82f48be000+371000] likely on CPU 13 (core 15, socket 0)
[169656.832164] Code: c0 74 04 f0 83 00 01 c3 90 0f 1f 00 66 66 2e 0f 1f 84 00 00 00 00 00 f3 0f 1e fa 48 8b 05 c5 26 3e 00 48 83 e0 fc 48 89 47 18 <f3> 0f 6f 06 48 8b 56 10 66 48 0f 7e c0 0f 11 07 48 89 57 10 48 85
[169666.868219] drkonqi-coredum[52145]: segfault at 0 ip 00007468139f5793 sp 00007fff928e70a8 error 4 in libQt6Core.so.6.10.2[1f5793,7468138be000+371000] likely on CPU 8 (core 10, socket 0)
[169666.868231] Code: c0 74 04 f0 83 00 01 c3 90 0f 1f 00 66 66 2e 0f 1f 84 00 00 00 00 00 f3 0f 1e fa 48 8b 05 c5 26 3e 00 48 83 e0 fc 48 89 47 18 <f3> 0f 6f 06 48 8b 56 10 66 48 0f 7e c0 0f 11 07 48 89 57 10 48 85
[169691.810499] drkonqi-coredum[52167]: segfault at 0 ip 000071847c9f5793 sp 00007ffc73120f78 error 4 in libQt6Core.so.6.10.2[1f5793,71847c8be000+371000] likely on CPU 0 (core 0, socket 0)
[169691.810519] Code: c0 74 04 f0 83 00 01 c3 90 0f 1f 00 66 66 2e 0f 1f 84 00 00 00 00 00 f3 0f 1e fa 48 8b 05 c5 26 3e 00 48 83 e0 fc 48 89 47 18 <f3> 0f 6f 06 48 8b 56 10 66 48 0f 7e c0 0f 11 07 48 89 57 10 48 85
[169716.831913] drkonqi-coredum[52194]: segfault at 0 ip 000079652b1f5793 sp 00007fffd70ff848 error 4 in libQt6Core.so.6.10.2[1f5793,79652b0be000+371000] likely on CPU 11 (core 13, socket 0)
[169716.831926] Code: c0 74 04 f0 83 00 01 c3 90 0f 1f 00 66 66 2e 0f 1f 84 00 00 00 00 00 f3 0f 1e fa 48 8b 05 c5 26 3e 00 48 83 e0 fc 48 89 47 18 <f3> 0f 6f 06 48 8b 56 10 66 48 0f 7e c0 0f 11 07 48 89 57 10 48 85
[169726.812265] drkonqi-coredum[52238]: segfault at 0 ip 00007a90c91f5793 sp 00007ffd30985468 error 4 in libQt6Core.so.6.10.2[1f5793,7a90c90be000+371000] likely on CPU 8 (core 10, socket 0)
[169726.812276] Code: c0 74 04 f0 83 00 01 c3 90 0f 1f 00 66 66 2e 0f 1f 84 00 00 00 00 00 f3 0f 1e fa 48 8b 05 c5 26 3e 00 48 83 e0 fc 48 89 47 18 <f3> 0f 6f 06 48 8b 56 10 66 48 0f 7e c0 0f 11 07 48 89 57 10 48 85
[169751.832739] drkonqi-coredum[52264]: segfault at 0 ip 00007a69f73f5793 sp 00007fff1da7bfc8 error 4 in libQt6Core.so.6.10.2[1f5793,7a69f72be000+371000] likely on CPU 0 (core 0, socket 0)
[169751.832762] Code: c0 74 04 f0 83 00 01 c3 90 0f 1f 00 66 66 2e 0f 1f 84 00 00 00 00 00 f3 0f 1e fa 48 8b 05 c5 26 3e 00 48 83 e0 fc 48 89 47 18 <f3> 0f 6f 06 48 8b 56 10 66 48 0f 7e c0 0f 11 07 48 89 57 10 48 85
[169776.832772] drkonqi-coredum[52291]: segfault at 0 ip 00007c98a9ff5793 sp 00007ffd80042b88 error 4 in libQt6Core.so.6.10.2[1f5793,7c98a9ebe000+371000] likely on CPU 0 (core 0, socket 0)
[169776.832793] Code: c0 74 04 f0 83 00 01 c3 90 0f 1f 00 66 66 2e 0f 1f 84 00 00 00 00 00 f3 0f 1e fa 48 8b 05 c5 26 3e 00 48 83 e0 fc 48 89 47 18 <f3> 0f 6f 06 48 8b 56 10 66 48 0f 7e c0 0f 11 07 48 89 57 10 48 85
[169786.868856] drkonqi-coredum[52315]: segfault at 0 ip 00007668b13f5793 sp 00007fff5ba83208 error 4 in libQt6Core.so.6.10.2[1f5793,7668b12be000+371000] likely on CPU 7 (core 9, socket 0)
[169786.868866] Code: c0 74 04 f0 83 00 01 c3 90 0f 1f 00 66 66 2e 0f 1f 84 00 00 00 00 00 f3 0f 1e fa 48 8b 05 c5 26 3e 00 48 83 e0 fc 48 89 47 18 <f3> 0f 6f 06 48 8b 56 10 66 48 0f 7e c0 0f 11 07 48 89 57 10 48 85
[169811.832744] drkonqi-coredum[52339]: segfault at 0 ip 000073724cbf5793 sp 00007fff007ee0b8 error 4 in libQt6Core.so.6.10.2[1f5793,73724cabe000+371000] likely on CPU 8 (core 10, socket 0)
[169811.832759] Code: c0 74 04 f0 83 00 01 c3 90 0f 1f 00 66 66 2e 0f 1f 84 00 00 00 00 00 f3 0f 1e fa 48 8b 05 c5 26 3e 00 48 83 e0 fc 48 89 47 18 <f3> 0f 6f 06 48 8b 56 10 66 48 0f 7e c0 0f 11 07 48 89 57 10 48 85
[169836.832944] drkonqi-coredum[52363]: segfault at 0 ip 00007484f0df5793 sp 00007ffdc6d38c18 error 4 in libQt6Core.so.6.10.2[1f5793,7484f0cbe000+371000] likely on CPU 13 (core 15, socket 0)
[169836.832960] Code: c0 74 04 f0 83 00 01 c3 90 0f 1f 00 66 66 2e 0f 1f 84 00 00 00 00 00 f3 0f 1e fa 48 8b 05 c5 26 3e 00 48 83 e0 fc 48 89 47 18 <f3> 0f 6f 06 48 8b 56 10 66 48 0f 7e c0 0f 11 07 48 89 57 10 48 85
[169846.869947] drkonqi-coredum[52386]: segfault at 0 ip 0000764f513f5793 sp 00007ffd7aa3cbe8 error 4 in libQt6Core.so.6.10.2[1f5793,764f512be000+371000] likely on CPU 2 (core 16, socket 0)
[169846.869965] Code: c0 74 04 f0 83 00 01 c3 90 0f 1f 00 66 66 2e 0f 1f 84 00 00 00 00 00 f3 0f 1e fa 48 8b 05 c5 26 3e 00 48 83 e0 fc 48 89 47 18 <f3> 0f 6f 06 48 8b 56 10 66 48 0f 7e c0 0f 11 07 48 89 57 10 48 85
[169871.832869] drkonqi-coredum[52409]: segfault at 0 ip 000075f7331f5793 sp 00007ffd54d5c418 error 4 in libQt6Core.so.6.10.2[1f5793,75f7330be000+371000] likely on CPU 7 (core 9, socket 0)
[169871.832883] Code: c0 74 04 f0 83 00 01 c3 90 0f 1f 00 66 66 2e 0f 1f 84 00 00 00 00 00 f3 0f 1e fa 48 8b 05 c5 26 3e 00 48 83 e0 fc 48 89 47 18 <f3> 0f 6f 06 48 8b 56 10 66 48 0f 7e c0 0f 11 07 48 89 57 10 48 85
[169896.832104] drkonqi-coredum[52433]: segfault at 0 ip 00007019015f5793 sp 00007ffccd76d568 error 4 in libQt6Core.so.6.10.2[1f5793,7019014be000+371000] likely on CPU 13 (core 15, socket 0)
[169896.832118] Code: c0 74 04 f0 83 00 01 c3 90 0f 1f 00 66 66 2e 0f 1f 84 00 00 00 00 00 f3 0f 1e fa 48 8b 05 c5 26 3e 00 48 83 e0 fc 48 89 47 18 <f3> 0f 6f 06 48 8b 56 10 66 48 0f 7e c0 0f 11 07 48 89 57 10 48 85
[169906.867494] drkonqi-coredum[52458]: segfault at 0 ip 00007d16a4bf5793 sp 00007ffe5addc528 error 4 in libQt6Core.so.6.10.2[1f5793,7d16a4abe000+371000] likely on CPU 8 (core 10, socket 0)
[169906.867505] Code: c0 74 04 f0 83 00 01 c3 90 0f 1f 00 66 66 2e 0f 1f 84 00 00 00 00 00 f3 0f 1e fa 48 8b 05 c5 26 3e 00 48 83 e0 fc 48 89 47 18 <f3> 0f 6f 06 48 8b 56 10 66 48 0f 7e c0 0f 11 07 48 89 57 10 48 85
[169931.833642] drkonqi-coredum[52480]: segfault at 0 ip 000074ff039f5793 sp 00007ffc82df1b18 error 4 in libQt6Core.so.6.10.2[1f5793,74ff038be000+371000] likely on CPU 1 (core 4, socket 0)
[169931.833662] Code: c0 74 04 f0 83 00 01 c3 90 0f 1f 00 66 66 2e 0f 1f 84 00 00 00 00 00 f3 0f 1e fa 48 8b 05 c5 26 3e 00 48 83 e0 fc 48 89 47 18 <f3> 0f 6f 06 48 8b 56 10 66 48 0f 7e c0 0f 11 07 48 89 57 10 48 85
[169956.832848] drkonqi-coredum[52504]: segfault at 0 ip 00007deb6c3f5793 sp 00007fff088185e8 error 4 in libQt6Core.so.6.10.2[1f5793,7deb6c2be000+371000] likely on CPU 8 (core 10, socket 0)
[169956.832864] Code: c0 74 04 f0 83 00 01 c3 90 0f 1f 00 66 66 2e 0f 1f 84 00 00 00 00 00 f3 0f 1e fa 48 8b 05 c5 26 3e 00 48 83 e0 fc 48 89 47 18 <f3> 0f 6f 06 48 8b 56 10 66 48 0f 7e c0 0f 11 07 48 89 57 10 48 85
[169966.822564] drkonqi-coredum[52526]: segfault at 0 ip 000076f52bdf5793 sp 00007fff3314fe48 error 4 in libQt6Core.so.6.10.2[1f5793,76f52bcbe000+371000] likely on CPU 2 (core 16, socket 0)
[169966.822583] Code: c0 74 04 f0 83 00 01 c3 90 0f 1f 00 66 66 2e 0f 1f 84 00 00 00 00 00 f3 0f 1e fa 48 8b 05 c5 26 3e 00 48 83 e0 fc 48 89 47 18 <f3> 0f 6f 06 48 8b 56 10 66 48 0f 7e c0 0f 11 07 48 89 57 10 48 85
[169991.833551] drkonqi-coredum[52550]: segfault at 0 ip 00007dbb1bbf5793 sp 00007ffd27aed3f8 error 4 in libQt6Core.so.6.10.2[1f5793,7dbb1babe000+371000] likely on CPU 4 (core 24, socket 0)
[169991.833575] Code: c0 74 04 f0 83 00 01 c3 90 0f 1f 00 66 66 2e 0f 1f 84 00 00 00 00 00 f3 0f 1e fa 48 8b 05 c5 26 3e 00 48 83 e0 fc 48 89 47 18 <f3> 0f 6f 06 48 8b 56 10 66 48 0f 7e c0 0f 11 07 48 89 57 10 48 85
[170016.818359] drkonqi-coredum[52580]: segfault at 0 ip 0000753bf27f5793 sp 00007ffe10a53258 error 4 in libQt6Core.so.6.10.2[1f5793,753bf26be000+371000] likely on CPU 6 (core 8, socket 0)
[170016.818373] Code: c0 74 04 f0 83 00 01 c3 90 0f 1f 00 66 66 2e 0f 1f 84 00 00 00 00 00 f3 0f 1e fa 48 8b 05 c5 26 3e 00 48 83 e0 fc 48 89 47 18 <f3> 0f 6f 06 48 8b 56 10 66 48 0f 7e c0 0f 11 07 48 89 57 10 48 85
[170026.869987] drkonqi-coredum[52601]: segfault at 0 ip 00007677eb9f5793 sp 00007ffc9bc46808 error 4 in libQt6Core.so.6.10.2[1f5793,7677eb8be000+371000] likely on CPU 13 (core 15, socket 0)
[170026.870000] Code: c0 74 04 f0 83 00 01 c3 90 0f 1f 00 66 66 2e 0f 1f 84 00 00 00 00 00 f3 0f 1e fa 48 8b 05 c5 26 3e 00 48 83 e0 fc 48 89 47 18 <f3> 0f 6f 06 48 8b 56 10 66 48 0f 7e c0 0f 11 07 48 89 57 10 48 85
[170051.833694] drkonqi-coredum[52624]: segfault at 0 ip 000076a4905f5793 sp 00007ffdefe69a88 error 4 in libQt6Core.so.6.10.2[1f5793,76a4904be000+371000] likely on CPU 11 (core 13, socket 0)
[170051.833709] Code: c0 74 04 f0 83 00 01 c3 90 0f 1f 00 66 66 2e 0f 1f 84 00 00 00 00 00 f3 0f 1e fa 48 8b 05 c5 26 3e 00 48 83 e0 fc 48 89 47 18 <f3> 0f 6f 06 48 8b 56 10 66 48 0f 7e c0 0f 11 07 48 89 57 10 48 85
[170076.833769] drkonqi-coredum[52648]: segfault at 0 ip 000070736bdf5793 sp 00007ffdca43d8e8 error 4 in libQt6Core.so.6.10.2[1f5793,70736bcbe000+371000] likely on CPU 12 (core 14, socket 0)
[170076.833784] Code: c0 74 04 f0 83 00 01 c3 90 0f 1f 00 66 66 2e 0f 1f 84 00 00 00 00 00 f3 0f 1e fa 48 8b 05 c5 26 3e 00 48 83 e0 fc 48 89 47 18 <f3> 0f 6f 06 48 8b 56 10 66 48 0f 7e c0 0f 11 07 48 89 57 10 48 85
[170086.870124] drkonqi-coredum[52672]: segfault at 0 ip 00007fecd51f5793 sp 00007fff5cc25c48 error 4 in libQt6Core.so.6.10.2[1f5793,7fecd50be000+371000] likely on CPU 8 (core 10, socket 0)
[170086.870136] Code: c0 74 04 f0 83 00 01 c3 90 0f 1f 00 66 66 2e 0f 1f 84 00 00 00 00 00 f3 0f 1e fa 48 8b 05 c5 26 3e 00 48 83 e0 fc 48 89 47 18 <f3> 0f 6f 06 48 8b 56 10 66 48 0f 7e c0 0f 11 07 48 89 57 10 48 85
[170111.834213] drkonqi-coredum[52696]: segfault at 0 ip 000078fae1bf5793 sp 00007ffd14eb2eb8 error 4 in libQt6Core.so.6.10.2[1f5793,78fae1abe000+371000] likely on CPU 7 (core 9, socket 0)
[170111.834228] Code: c0 74 04 f0 83 00 01 c3 90 0f 1f 00 66 66 2e 0f 1f 84 00 00 00 00 00 f3 0f 1e fa 48 8b 05 c5 26 3e 00 48 83 e0 fc 48 89 47 18 <f3> 0f 6f 06 48 8b 56 10 66 48 0f 7e c0 0f 11 07 48 89 57 10 48 85
[170136.834410] drkonqi-coredum[52720]: segfault at 0 ip 00007b94931f5793 sp 00007ffecf72adc8 error 4 in libQt6Core.so.6.10.2[1f5793,7b94930be000+371000] likely on CPU 11 (core 13, socket 0)
[170136.834425] Code: c0 74 04 f0 83 00 01 c3 90 0f 1f 00 66 66 2e 0f 1f 84 00 00 00 00 00 f3 0f 1e fa 48 8b 05 c5 26 3e 00 48 83 e0 fc 48 89 47 18 <f3> 0f 6f 06 48 8b 56 10 66 48 0f 7e c0 0f 11 07 48 89 57 10 48 85
[170146.870859] drkonqi-coredum[52741]: segfault at 0 ip 00007457867f5793 sp 00007ffd9b6106b8 error 4 in libQt6Core.so.6.10.2[1f5793,7457866be000+371000] likely on CPU 1 (core 4, socket 0)
[170146.870877] Code: c0 74 04 f0 83 00 01 c3 90 0f 1f 00 66 66 2e 0f 1f 84 00 00 00 00 00 f3 0f 1e fa 48 8b 05 c5 26 3e 00 48 83 e0 fc 48 89 47 18 <f3> 0f 6f 06 48 8b 56 10 66 48 0f 7e c0 0f 11 07 48 89 57 10 48 85
[170171.827158] drkonqi-coredum[52764]: segfault at 0 ip 00007acf24df5793 sp 00007ffca48cedd8 error 4 in libQt6Core.so.6.10.2[1f5793,7acf24cbe000+371000] likely on CPU 2 (core 16, socket 0)
[170171.827178] Code: c0 74 04 f0 83 00 01 c3 90 0f 1f 00 66 66 2e 0f 1f 84 00 00 00 00 00 f3 0f 1e fa 48 8b 05 c5 26 3e 00 48 83 e0 fc 48 89 47 18 <f3> 0f 6f 06 48 8b 56 10 66 48 0f 7e c0 0f 11 07 48 89 57 10 48 85
[170196.819100] drkonqi-coredum[52791]: segfault at 0 ip 00007a19db3f5793 sp 00007ffc53ad7948 error 4 in libQt6Core.so.6.10.2[1f5793,7a19db2be000+371000] likely on CPU 2 (core 16, socket 0)
[170196.819121] Code: c0 74 04 f0 83 00 01 c3 90 0f 1f 00 66 66 2e 0f 1f 84 00 00 00 00 00 f3 0f 1e fa 48 8b 05 c5 26 3e 00 48 83 e0 fc 48 89 47 18 <f3> 0f 6f 06 48 8b 56 10 66 48 0f 7e c0 0f 11 07 48 89 57 10 48 85
[170206.828024] drkonqi-coredum[52813]: segfault at 0 ip 000079202ebf5793 sp 00007ffd91c97008 error 4 in libQt6Core.so.6.10.2[1f5793,79202eabe000+371000] likely on CPU 1 (core 4, socket 0)
[170206.828041] Code: c0 74 04 f0 83 00 01 c3 90 0f 1f 00 66 66 2e 0f 1f 84 00 00 00 00 00 f3 0f 1e fa 48 8b 05 c5 26 3e 00 48 83 e0 fc 48 89 47 18 <f3> 0f 6f 06 48 8b 56 10 66 48 0f 7e c0 0f 11 07 48 89 57 10 48 85
[170231.835009] drkonqi-coredum[52835]: segfault at 0 ip 0000743ba27f5793 sp 00007ffdf6866458 error 4 in libQt6Core.so.6.10.2[1f5793,743ba26be000+371000] likely on CPU 0 (core 0, socket 0)
[170231.835031] Code: c0 74 04 f0 83 00 01 c3 90 0f 1f 00 66 66 2e 0f 1f 84 00 00 00 00 00 f3 0f 1e fa 48 8b 05 c5 26 3e 00 48 83 e0 fc 48 89 47 18 <f3> 0f 6f 06 48 8b 56 10 66 48 0f 7e c0 0f 11 07 48 89 57 10 48 85
[170256.834369] drkonqi-coredum[52860]: segfault at 0 ip 00007c55b1df5793 sp 00007ffd32cddcb8 error 4 in libQt6Core.so.6.10.2[1f5793,7c55b1cbe000+371000] likely on CPU 11 (core 13, socket 0)
[170256.834384] Code: c0 74 04 f0 83 00 01 c3 90 0f 1f 00 66 66 2e 0f 1f 84 00 00 00 00 00 f3 0f 1e fa 48 8b 05 c5 26 3e 00 48 83 e0 fc 48 89 47 18 <f3> 0f 6f 06 48 8b 56 10 66 48 0f 7e c0 0f 11 07 48 89 57 10 48 85
[170266.871178] drkonqi-coredum[52882]: segfault at 0 ip 00007a59261f5793 sp 00007ffd55abc778 error 4 in libQt6Core.so.6.10.2[1f5793,7a59260be000+371000] likely on CPU 13 (core 15, socket 0)
[170266.871189] Code: c0 74 04 f0 83 00 01 c3 90 0f 1f 00 66 66 2e 0f 1f 84 00 00 00 00 00 f3 0f 1e fa 48 8b 05 c5 26 3e 00 48 83 e0 fc 48 89 47 18 <f3> 0f 6f 06 48 8b 56 10 66 48 0f 7e c0 0f 11 07 48 89 57 10 48 85
[170291.834967] drkonqi-coredum[52904]: segfault at 0 ip 000070f62d7f5793 sp 00007ffcad69d2f8 error 4 in libQt6Core.so.6.10.2[1f5793,70f62d6be000+371000] likely on CPU 8 (core 10, socket 0)
[170291.834982] Code: c0 74 04 f0 83 00 01 c3 90 0f 1f 00 66 66 2e 0f 1f 84 00 00 00 00 00 f3 0f 1e fa 48 8b 05 c5 26 3e 00 48 83 e0 fc 48 89 47 18 <f3> 0f 6f 06 48 8b 56 10 66 48 0f 7e c0 0f 11 07 48 89 57 10 48 85
[170316.834927] drkonqi-coredum[52933]: segfault at 0 ip 0000765cb03f5793 sp 00007fffaa65d498 error 4 in libQt6Core.so.6.10.2[1f5793,765cb02be000+371000] likely on CPU 3 (core 20, socket 0)
[170316.834948] Code: c0 74 04 f0 83 00 01 c3 90 0f 1f 00 66 66 2e 0f 1f 84 00 00 00 00 00 f3 0f 1e fa 48 8b 05 c5 26 3e 00 48 83 e0 fc 48 89 47 18 <f3> 0f 6f 06 48 8b 56 10 66 48 0f 7e c0 0f 11 07 48 89 57 10 48 85
[170326.837277] drkonqi-coredum[52953]: segfault at 0 ip 00007ac16d3f5793 sp 00007ffc3c8336d8 error 4 in libQt6Core.so.6.10.2[1f5793,7ac16d2be000+371000] likely on CPU 8 (core 10, socket 0)
[170326.837288] Code: c0 74 04 f0 83 00 01 c3 90 0f 1f 00 66 66 2e 0f 1f 84 00 00 00 00 00 f3 0f 1e fa 48 8b 05 c5 26 3e 00 48 83 e0 fc 48 89 47 18 <f3> 0f 6f 06 48 8b 56 10 66 48 0f 7e c0 0f 11 07 48 89 57 10 48 85
[170351.835354] drkonqi-coredum[52976]: segfault at 0 ip 00007ef56f5f5793 sp 00007fff1056c448 error 4 in libQt6Core.so.6.10.2[1f5793,7ef56f4be000+371000] likely on CPU 6 (core 8, socket 0)
[170351.835370] Code: c0 74 04 f0 83 00 01 c3 90 0f 1f 00 66 66 2e 0f 1f 84 00 00 00 00 00 f3 0f 1e fa 48 8b 05 c5 26 3e 00 48 83 e0 fc 48 89 47 18 <f3> 0f 6f 06 48 8b 56 10 66 48 0f 7e c0 0f 11 07 48 89 57 10 48 85
[170376.834766] drkonqi-coredum[53001]: segfault at 0 ip 00007b050d1f5793 sp 00007ffccef0afa8 error 4 in libQt6Core.so.6.10.2[1f5793,7b050d0be000+371000] likely on CPU 13 (core 15, socket 0)
[170376.834782] Code: c0 74 04 f0 83 00 01 c3 90 0f 1f 00 66 66 2e 0f 1f 84 00 00 00 00 00 f3 0f 1e fa 48 8b 05 c5 26 3e 00 48 83 e0 fc 48 89 47 18 <f3> 0f 6f 06 48 8b 56 10 66 48 0f 7e c0 0f 11 07 48 89 57 10 48 85
[170386.871097] drkonqi-coredum[53024]: segfault at 0 ip 0000778ae23f5793 sp 00007ffc4e7061b8 error 4 in libQt6Core.so.6.10.2[1f5793,778ae22be000+371000] likely on CPU 8 (core 10, socket 0)
[170386.871109] Code: c0 74 04 f0 83 00 01 c3 90 0f 1f 00 66 66 2e 0f 1f 84 00 00 00 00 00 f3 0f 1e fa 48 8b 05 c5 26 3e 00 48 83 e0 fc 48 89 47 18 <f3> 0f 6f 06 48 8b 56 10 66 48 0f 7e c0 0f 11 07 48 89 57 10 48 85
[170411.834643] drkonqi-coredum[53178]: segfault at 0 ip 000077da571f5793 sp 00007ffd2e012db8 error 4 in libQt6Core.so.6.10.2[1f5793,77da570be000+371000] likely on CPU 7 (core 9, socket 0)
[170411.834655] Code: c0 74 04 f0 83 00 01 c3 90 0f 1f 00 66 66 2e 0f 1f 84 00 00 00 00 00 f3 0f 1e fa 48 8b 05 c5 26 3e 00 48 83 e0 fc 48 89 47 18 <f3> 0f 6f 06 48 8b 56 10 66 48 0f 7e c0 0f 11 07 48 89 57 10 48 85
[170436.835741] drkonqi-coredum[53271]: segfault at 0 ip 0000760b495f5793 sp 00007ffeb5642878 error 4 in libQt6Core.so.6.10.2[1f5793,760b494be000+371000] likely on CPU 1 (core 4, socket 0)
[170436.835762] Code: c0 74 04 f0 83 00 01 c3 90 0f 1f 00 66 66 2e 0f 1f 84 00 00 00 00 00 f3 0f 1e fa 48 8b 05 c5 26 3e 00 48 83 e0 fc 48 89 47 18 <f3> 0f 6f 06 48 8b 56 10 66 48 0f 7e c0 0f 11 07 48 89 57 10 48 85
